timestamp, siteid, sensorid, value
Tue Jan 07 00:00:00 PST 2020,1,1,24
Tue Jan 07 00:00:00 PST 2020,1,2,5
Tue Jan 07 00:00:00 PST 2020,1,3,60
Tue Jan 07 00:00:00 PST 2020,2,1,0
Tue Jan 07 00:00:00 PST 2020,2,2,5
Tue Jan 07 00:00:00 PST 2020,2,3,100
Tue Jan 07 00:00:00 PST 2020,3,1,36
Tue Jan 07 00:00:00 PST 2020,3,2,5
Tue Jan 07 00:00:00 PST 2020,3,3,38
Tue Jan 07 00:00:00 PST 2020,4,1,99
Tue Jan 07 00:00:00 PST 2020,4,2,5
Tue Jan 07 00:00:00 PST 2020,4,3,84
Tue Jan 07 00:15:00 PST 2020,1,1,#ERROR#
Tue Jan 07 00:15:00 PST 2020,1,2,5
Tue Jan 07 00:15:00 PST 2020,1,3,96
Tue Jan 07 00:15:00 PST 2020,2,1,28
Tue Jan 07 00:15:00 PST 2020,2,2,5
Tue Jan 07 00:15:00 PST 2020,2,3,94
Tue Jan 07 00:15:00 PST 2020,3,1,3
Tue Jan 07 00:15:00 PST 2020,3,2,5
Tue Jan 07 00:15:00 PST 2020,3,3,95
Tue Jan 07 00:15:00 PST 2020,4,1,72
Tue Jan 07 00:15:00 PST 2020,4,2,5
Tue Jan 07 00:15:00 PST 2020,4,3,21
Tue Jan 07 00:30:00 PST 2020,1,1,160
Tue Jan 07 00:30:00 PST 2020,1,2,5
Tue Jan 07 00:30:00 PST 2020,1,3,34
Tue Jan 07 00:30:00 PST 2020,2,1,22
Tue Jan 07 00:30:00 PST 2020,2,2,5
Tue Jan 07 00:30:00 PST 2020,2,3,85
Tue Jan 07 00:30:00 PST 2020,3,1,11
Tue Jan 07 00:30:00 PST 2020,3,2,5
Tue Jan 07 00:30:00 PST 2020,3,3,15
Tue Jan 07 00:30:00 PST 2020,4,1,#ERROR#
Tue Jan 07 00:30:00 PST 2020,4,2,5
Tue Jan 07 00:30:00 PST 2020,4,3,86
Tue Jan 07 00:45:00 PST 2020,1,1,100
Tue Jan 07 00:45:00 PST 2020,1,2,5
Tue Jan 07 00:45:00 PST 2020,1,3,30
Tue Jan 07 00:45:00 PST 2020,2,1,56
Tue Jan 07 00:45:00 PST 2020,2,2,5
Tue Jan 07 00:45:00 PST 2020,2,3,31
Tue Jan 07 00:45:00 PST 2020,3,1,100
Tue Jan 07 00:45:00 PST 2020,3,2,5
Tue Jan 07 00:45:00 PST 2020,3,3,71
Tue Jan 07 00:45:00 PST 2020,4,1,16
Tue Jan 07 00:45:00 PST 2020,4,2,5
Tue Jan 07 00:45:00 PST 2020,4,3,14
Tue Jan 07 01:00:00 PST 2020,1,1,71
Tue Jan 07 01:00:00 PST 2020,1,2,6
Tue Jan 07 01:00:00 PST 2020,1,3,62
Tue Jan 07 01:00:00 PST 2020,2,1,77
Tue Jan 07 01:00:00 PST 2020,2,2,6
Tue Jan 07 01:00:00 PST 2020,2,3,66
Tue Jan 07 01:00:00 PST 2020,3,1,50
Tue Jan 07 01:00:00 PST 2020,3,2,6
Tue Jan 07 01:00:00 PST 2020,3,3,43
Tue Jan 07 01:00:00 PST 2020,4,1,16
Tue Jan 07 01:00:00 PST 2020,4,2,#ERROR#
Tue Jan 07 01:00:00 PST 2020,4,3,117
Tue Jan 07 01:15:00 PST 2020,1,1,73
Tue Jan 07 01:15:00 PST 2020,1,2,6
Tue Jan 07 01:15:00 PST 2020,1,3,95
Tue Jan 07 01:15:00 PST 2020,2,1,24
Tue Jan 07 01:15:00 PST 2020,2,2,6
Tue Jan 07 01:15:00 PST 2020,2,3,1
Tue Jan 07 01:15:00 PST 2020,3,1,49
Tue Jan 07 01:15:00 PST 2020,3,2,6
Tue Jan 07 01:15:00 PST 2020,3,3,57
Tue Jan 07 01:15:00 PST 2020,4,1,31
Tue Jan 07 01:15:00 PST 2020,4,2,6
Tue Jan 07 01:15:00 PST 2020,4,3,55
Tue Jan 07 01:30:00 PST 2020,1,1,25
Tue Jan 07 01:30:00 PST 2020,1,2,6
Tue Jan 07 01:30:00 PST 2020,1,3,#ERROR#
Tue Jan 07 01:30:00 PST 2020,2,1,52
Tue Jan 07 01:30:00 PST 2020,2,2,6
Tue Jan 07 01:30:00 PST 2020,2,3,12
Tue Jan 07 01:30:00 PST 2020,3,1,39
Tue Jan 07 01:30:00 PST 2020,3,2,6
Tue Jan 07 01:30:00 PST 2020,3,3,4
Tue Jan 07 01:30:00 PST 2020,4,1,9
Tue Jan 07 01:30:00 PST 2020,4,2,6
Tue Jan 07 01:30:00 PST 2020,4,3,51
Tue Jan 07 01:45:00 PST 2020,1,1,190
Tue Jan 07 01:45:00 PST 2020,1,2,6
Tue Jan 07 01:45:00 PST 2020,1,3,98
Tue Jan 07 01:45:00 PST 2020,2,1,5
Tue Jan 07 01:45:00 PST 2020,2,2,6
Tue Jan 07 01:45:00 PST 2020,2,3,84
Tue Jan 07 01:45:00 PST 2020,3,1,28
Tue Jan 07 01:45:00 PST 2020,3,2,#ERROR#
Tue Jan 07 01:45:00 PST 2020,3,3,42
Tue Jan 07 01:45:00 PST 2020,4,1,53
Tue Jan 07 01:45:00 PST 2020,4,2,6
Tue Jan 07 01:45:00 PST 2020,4,3,47
Tue Jan 07 02:00:00 PST 2020,1,1,97
Tue Jan 07 02:00:00 PST 2020,1,2,6
Tue Jan 07 02:00:00 PST 2020,1,3,72
Tue Jan 07 02:00:00 PST 2020,2,1,94
Tue Jan 07 02:00:00 PST 2020,2,2,6
Tue Jan 07 02:00:00 PST 2020,2,3,#NA#
Tue Jan 07 02:00:00 PST 2020,3,1,95
Tue Jan 07 02:00:00 PST 2020,3,2,6
Tue Jan 07 02:00:00 PST 2020,3,3,-16
Tue Jan 07 02:00:00 PST 2020,4,1,#ERROR#
Tue Jan 07 02:00:00 PST 2020,4,2,6
Tue Jan 07 02:00:00 PST 2020,4,3,51
Tue Jan 07 02:15:00 PST 2020,1,1,57
Tue Jan 07 02:15:00 PST 2020,1,2,7
Tue Jan 07 02:15:00 PST 2020,1,3,44
Tue Jan 07 02:15:00 PST 2020,2,1,55
Tue Jan 07 02:15:00 PST 2020,2,2,7
Tue Jan 07 02:15:00 PST 2020,2,3,9
Tue Jan 07 02:15:00 PST 2020,3,1,59
Tue Jan 07 02:15:00 PST 2020,3,2,7
Tue Jan 07 02:15:00 PST 2020,3,3,65
Tue Jan 07 02:15:00 PST 2020,4,1,55
Tue Jan 07 02:15:00 PST 2020,4,2,7
Tue Jan 07 02:15:00 PST 2020,4,3,47
Tue Jan 07 02:30:00 PST 2020,1,1,67
Tue Jan 07 02:30:00 PST 2020,1,2,7
Tue Jan 07 02:30:00 PST 2020,1,3,28
Tue Jan 07 02:30:00 PST 2020,2,1,91
Tue Jan 07 02:30:00 PST 2020,2,2,7
Tue Jan 07 02:30:00 PST 2020,2,3,100
Tue Jan 07 02:30:00 PST 2020,3,1,29
Tue Jan 07 02:30:00 PST 2020,3,2,7
Tue Jan 07 02:30:00 PST 2020,3,3,16
Tue Jan 07 02:30:00 PST 2020,4,1,3
Tue Jan 07 02:30:00 PST 2020,4,2,7
Tue Jan 07 02:30:00 PST 2020,4,3,50
Tue Jan 07 02:45:00 PST 2020,1,1,99
Tue Jan 07 02:45:00 PST 2020,1,2,7
Tue Jan 07 02:45:00 PST 2020,1,3,3
Tue Jan 07 02:45:00 PST 2020,2,1,53
Tue Jan 07 02:45:00 PST 2020,2,2,7
Tue Jan 07 02:45:00 PST 2020,2,3,33
Tue Jan 07 02:45:00 PST 2020,3,1,36
Tue Jan 07 02:45:00 PST 2020,3,2,7
Tue Jan 07 02:45:00 PST 2020,3,3,69
Tue Jan 07 02:45:00 PST 2020,4,1,62
Tue Jan 07 02:45:00 PST 2020,4,2,7
Tue Jan 07 02:45:00 PST 2020,4,3,#NA#
Tue Jan 07 03:00:00 PST 2020,1,1,21
Tue Jan 07 03:00:00 PST 2020,1,2,7
Tue Jan 07 03:00:00 PST 2020,1,3,98
Tue Jan 07 03:00:00 PST 2020,2,1,66
Tue Jan 07 03:00:00 PST 2020,2,2,7
Tue Jan 07 03:00:00 PST 2020,2,3,12
Tue Jan 07 03:00:00 PST 2020,3,1,85
Tue Jan 07 03:00:00 PST 2020,3,2,7
Tue Jan 07 03:00:00 PST 2020,3,3,71
Tue Jan 07 03:00:00 PST 2020,4,1,95
Tue Jan 07 03:00:00 PST 2020,4,2,7
Tue Jan 07 03:00:00 PST 2020,4,3,40
Tue Jan 07 03:15:00 PST 2020,1,1,45
Tue Jan 07 03:15:00 PST 2020,1,2,7
Tue Jan 07 03:15:00 PST 2020,1,3,44
Tue Jan 07 03:15:00 PST 2020,2,1,96
Tue Jan 07 03:15:00 PST 2020,2,2,7
Tue Jan 07 03:15:00 PST 2020,2,3,75
Tue Jan 07 03:15:00 PST 2020,3,1,68
Tue Jan 07 03:15:00 PST 2020,3,2,103
Tue Jan 07 03:15:00 PST 2020,3,3,69
Tue Jan 07 03:15:00 PST 2020,4,1,71
Tue Jan 07 03:15:00 PST 2020,4,2,7
Tue Jan 07 03:15:00 PST 2020,4,3,93
Tue Jan 07 03:30:00 PST 2020,1,1,-38
Tue Jan 07 03:30:00 PST 2020,1,2,8
Tue Jan 07 03:30:00 PST 2020,1,3,8
Tue Jan 07 03:30:00 PST 2020,2,1,49
Tue Jan 07 03:30:00 PST 2020,2,2,8
Tue Jan 07 03:30:00 PST 2020,2,3,94
Tue Jan 07 03:30:00 PST 2020,3,1,19
Tue Jan 07 03:30:00 PST 2020,3,2,8
Tue Jan 07 03:30:00 PST 2020,3,3,80
Tue Jan 07 03:30:00 PST 2020,4,1,65
Tue Jan 07 03:30:00 PST 2020,4,2,8
Tue Jan 07 03:30:00 PST 2020,4,3,98
Tue Jan 07 03:45:00 PST 2020,1,1,23
Tue Jan 07 03:45:00 PST 2020,1,2,8
Tue Jan 07 03:45:00 PST 2020,1,3,21
Tue Jan 07 03:45:00 PST 2020,2,1,38
Tue Jan 07 03:45:00 PST 2020,2,2,8
Tue Jan 07 03:45:00 PST 2020,2,3,12
Tue Jan 07 03:45:00 PST 2020,3,1,12
Tue Jan 07 03:45:00 PST 2020,3,2,8
Tue Jan 07 03:45:00 PST 2020,3,3,83
Tue Jan 07 03:45:00 PST 2020,4,1,75
Tue Jan 07 03:45:00 PST 2020,4,2,8
Tue Jan 07 03:45:00 PST 2020,4,3,63
Tue Jan 07 04:00:00 PST 2020,1,1,#ERROR#
Tue Jan 07 04:00:00 PST 2020,1,2,8
Tue Jan 07 04:00:00 PST 2020,1,3,65
Tue Jan 07 04:00:00 PST 2020,2,1,71
Tue Jan 07 04:00:00 PST 2020,2,2,8
Tue Jan 07 04:00:00 PST 2020,2,3,91
Tue Jan 07 04:00:00 PST 2020,3,1,52
Tue Jan 07 04:00:00 PST 2020,3,2,8
Tue Jan 07 04:00:00 PST 2020,3,3,51
Tue Jan 07 04:00:00 PST 2020,4,1,-18
Tue Jan 07 04:00:00 PST 2020,4,2,8
Tue Jan 07 04:00:00 PST 2020,4,3,86
Tue Jan 07 04:15:00 PST 2020,1,1,42
Tue Jan 07 04:15:00 PST 2020,1,2,8
Tue Jan 07 04:15:00 PST 2020,1,3,12
Tue Jan 07 04:15:00 PST 2020,2,1,100
Tue Jan 07 04:15:00 PST 2020,2,2,8
Tue Jan 07 04:15:00 PST 2020,2,3,61
Tue Jan 07 04:15:00 PST 2020,3,1,68
Tue Jan 07 04:15:00 PST 2020,3,2,8
Tue Jan 07 04:15:00 PST 2020,3,3,96
Tue Jan 07 04:15:00 PST 2020,4,1,88
Tue Jan 07 04:15:00 PST 2020,4,2,8
Tue Jan 07 04:15:00 PST 2020,4,3,94
Tue Jan 07 04:30:00 PST 2020,1,1,76
Tue Jan 07 04:30:00 PST 2020,1,2,8
Tue Jan 07 04:30:00 PST 2020,1,3,15
Tue Jan 07 04:30:00 PST 2020,2,1,18
Tue Jan 07 04:30:00 PST 2020,2,2,8
Tue Jan 07 04:30:00 PST 2020,2,3,59
Tue Jan 07 04:30:00 PST 2020,3,1,92
Tue Jan 07 04:30:00 PST 2020,3,2,#ERROR#
Tue Jan 07 04:30:00 PST 2020,3,3,82
Tue Jan 07 04:30:00 PST 2020,4,1,31
Tue Jan 07 04:30:00 PST 2020,4,2,8
Tue Jan 07 04:30:00 PST 2020,4,3,9
Tue Jan 07 04:45:00 PST 2020,1,1,47
Tue Jan 07 04:45:00 PST 2020,1,2,9
Tue Jan 07 04:45:00 PST 2020,1,3,23
Tue Jan 07 04:45:00 PST 2020,2,1,100
Tue Jan 07 04:45:00 PST 2020,2,2,9
Tue Jan 07 04:45:00 PST 2020,2,3,11
Tue Jan 07 04:45:00 PST 2020,3,1,193
Tue Jan 07 04:45:00 PST 2020,3,2,9
Tue Jan 07 04:45:00 PST 2020,3,3,14
Tue Jan 07 04:45:00 PST 2020,4,1,84
Tue Jan 07 04:45:00 PST 2020,4,2,9
Tue Jan 07 04:45:00 PST 2020,4,3,38
Tue Jan 07 05:00:00 PST 2020,1,1,85
Tue Jan 07 05:00:00 PST 2020,1,2,9
Tue Jan 07 05:00:00 PST 2020,1,3,#ERROR#
Tue Jan 07 05:00:00 PST 2020,2,1,82
Tue Jan 07 05:00:00 PST 2020,2,2,9
Tue Jan 07 05:00:00 PST 2020,2,3,68
Tue Jan 07 05:00:00 PST 2020,3,1,1
Tue Jan 07 05:00:00 PST 2020,3,2,9
Tue Jan 07 05:00:00 PST 2020,3,3,92
Tue Jan 07 05:00:00 PST 2020,4,1,48
Tue Jan 07 05:00:00 PST 2020,4,2,9
Tue Jan 07 05:00:00 PST 2020,4,3,9
Tue Jan 07 05:15:00 PST 2020,1,1,48
Tue Jan 07 05:15:00 PST 2020,1,2,9
Tue Jan 07 05:15:00 PST 2020,1,3,5
Tue Jan 07 05:15:00 PST 2020,2,1,95
Tue Jan 07 05:15:00 PST 2020,2,2,9
Tue Jan 07 05:15:00 PST 2020,2,3,24
Tue Jan 07 05:15:00 PST 2020,3,1,70
Tue Jan 07 05:15:00 PST 2020,3,2,9
Tue Jan 07 05:15:00 PST 2020,3,3,60
Tue Jan 07 05:15:00 PST 2020,4,1,39
Tue Jan 07 05:15:00 PST 2020,4,2,9
Tue Jan 07 05:15:00 PST 2020,4,3,89
Tue Jan 07 05:30:00 PST 2020,1,1,#ERROR#
Tue Jan 07 05:30:00 PST 2020,1,2,9
Tue Jan 07 05:30:00 PST 2020,1,3,83
Tue Jan 07 05:30:00 PST 2020,2,1,44
Tue Jan 07 05:30:00 PST 2020,2,2,9
Tue Jan 07 05:30:00 PST 2020,2,3,70
Tue Jan 07 05:30:00 PST 2020,3,1,48
Tue Jan 07 05:30:00 PST 2020,3,2,#ERROR#
Tue Jan 07 05:30:00 PST 2020,3,3,#NA#
Tue Jan 07 05:30:00 PST 2020,4,1,16
Tue Jan 07 05:30:00 PST 2020,4,2,9
Tue Jan 07 05:30:00 PST 2020,4,3,66
Tue Jan 07 05:45:00 PST 2020,1,1,2
Tue Jan 07 05:45:00 PST 2020,1,2,9
Tue Jan 07 05:45:00 PST 2020,1,3,66
Tue Jan 07 05:45:00 PST 2020,2,1,65
Tue Jan 07 05:45:00 PST 2020,2,2,9
Tue Jan 07 05:45:00 PST 2020,2,3,#ERROR#
Tue Jan 07 05:45:00 PST 2020,3,1,54
Tue Jan 07 05:45:00 PST 2020,3,2,9
Tue Jan 07 05:45:00 PST 2020,3,3,-13
Tue Jan 07 05:45:00 PST 2020,4,1,20
Tue Jan 07 05:45:00 PST 2020,4,2,9
Tue Jan 07 05:45:00 PST 2020,4,3,92
Tue Jan 07 06:00:00 PST 2020,1,1,#NA#
Tue Jan 07 06:00:00 PST 2020,1,2,10
Tue Jan 07 06:00:00 PST 2020,1,3,12
Tue Jan 07 06:00:00 PST 2020,2,1,73
Tue Jan 07 06:00:00 PST 2020,2,2,10
Tue Jan 07 06:00:00 PST 2020,2,3,75
Tue Jan 07 06:00:00 PST 2020,3,1,63
Tue Jan 07 06:00:00 PST 2020,3,2,10
Tue Jan 07 06:00:00 PST 2020,3,3,12
Tue Jan 07 06:00:00 PST 2020,4,1,49
Tue Jan 07 06:00:00 PST 2020,4,2,10
Tue Jan 07 06:00:00 PST 2020,4,3,38
Tue Jan 07 06:15:00 PST 2020,1,1,56
Tue Jan 07 06:15:00 PST 2020,1,2,10
Tue Jan 07 06:15:00 PST 2020,1,3,1
Tue Jan 07 06:15:00 PST 2020,2,1,5
Tue Jan 07 06:15:00 PST 2020,2,2,156
Tue Jan 07 06:15:00 PST 2020,2,3,62
Tue Jan 07 06:15:00 PST 2020,3,1,21
Tue Jan 07 06:15:00 PST 2020,3,2,10
Tue Jan 07 06:15:00 PST 2020,3,3,5
Tue Jan 07 06:15:00 PST 2020,4,1,64
Tue Jan 07 06:15:00 PST 2020,4,2,10
Tue Jan 07 06:15:00 PST 2020,4,3,96
Tue Jan 07 06:30:00 PST 2020,1,1,99
Tue Jan 07 06:30:00 PST 2020,1,2,10
Tue Jan 07 06:30:00 PST 2020,1,3,51
Tue Jan 07 06:30:00 PST 2020,2,1,92
Tue Jan 07 06:30:00 PST 2020,2,2,10
Tue Jan 07 06:30:00 PST 2020,2,3,1
Tue Jan 07 06:30:00 PST 2020,3,1,86
Tue Jan 07 06:30:00 PST 2020,3,2,10
Tue Jan 07 06:30:00 PST 2020,3,3,97
Tue Jan 07 06:30:00 PST 2020,4,1,26
Tue Jan 07 06:30:00 PST 2020,4,2,10
Tue Jan 07 06:30:00 PST 2020,4,3,85
Tue Jan 07 06:45:00 PST 2020,1,1,26
Tue Jan 07 06:45:00 PST 2020,1,2,10
Tue Jan 07 06:45:00 PST 2020,1,3,40
Tue Jan 07 06:45:00 PST 2020,2,1,32
Tue Jan 07 06:45:00 PST 2020,2,2,10
Tue Jan 07 06:45:00 PST 2020,2,3,4
Tue Jan 07 06:45:00 PST 2020,3,1,67
Tue Jan 07 06:45:00 PST 2020,3,2,101
Tue Jan 07 06:45:00 PST 2020,3,3,-57
Tue Jan 07 06:45:00 PST 2020,4,1,194
Tue Jan 07 06:45:00 PST 2020,4,2,10
Tue Jan 07 06:45:00 PST 2020,4,3,-7
Tue Jan 07 07:00:00 PST 2020,1,1,11
Tue Jan 07 07:00:00 PST 2020,1,2,10
Tue Jan 07 07:00:00 PST 2020,1,3,69
Tue Jan 07 07:00:00 PST 2020,2,1,91
Tue Jan 07 07:00:00 PST 2020,2,2,10
Tue Jan 07 07:00:00 PST 2020,2,3,85
Tue Jan 07 07:00:00 PST 2020,3,1,83
Tue Jan 07 07:00:00 PST 2020,3,2,10
Tue Jan 07 07:00:00 PST 2020,3,3,9
Tue Jan 07 07:00:00 PST 2020,4,1,73
Tue Jan 07 07:00:00 PST 2020,4,2,10
Tue Jan 07 07:00:00 PST 2020,4,3,16
Tue Jan 07 07:15:00 PST 2020,1,1,62
Tue Jan 07 07:15:00 PST 2020,1,2,11
Tue Jan 07 07:15:00 PST 2020,1,3,63
Tue Jan 07 07:15:00 PST 2020,2,1,72
Tue Jan 07 07:15:00 PST 2020,2,2,11
Tue Jan 07 07:15:00 PST 2020,2,3,#NA#
Tue Jan 07 07:15:00 PST 2020,3,1,51
Tue Jan 07 07:15:00 PST 2020,3,2,11
Tue Jan 07 07:15:00 PST 2020,3,3,38
Tue Jan 07 07:15:00 PST 2020,4,1,73
Tue Jan 07 07:15:00 PST 2020,4,2,11
Tue Jan 07 07:15:00 PST 2020,4,3,79
Tue Jan 07 07:30:00 PST 2020,1,1,56
Tue Jan 07 07:30:00 PST 2020,1,2,11
Tue Jan 07 07:30:00 PST 2020,1,3,77
Tue Jan 07 07:30:00 PST 2020,2,1,43
Tue Jan 07 07:30:00 PST 2020,2,2,11
Tue Jan 07 07:30:00 PST 2020,2,3,40
Tue Jan 07 07:30:00 PST 2020,3,1,69
Tue Jan 07 07:30:00 PST 2020,3,2,11
Tue Jan 07 07:30:00 PST 2020,3,3,26
Tue Jan 07 07:30:00 PST 2020,4,1,11
Tue Jan 07 07:30:00 PST 2020,4,2,138
Tue Jan 07 07:30:00 PST 2020,4,3,26
Tue Jan 07 07:45:00 PST 2020,1,1,5
Tue Jan 07 07:45:00 PST 2020,1,2,11
Tue Jan 07 07:45:00 PST 2020,1,3,19
Tue Jan 07 07:45:00 PST 2020,2,1,63
Tue Jan 07 07:45:00 PST 2020,2,2,11
Tue Jan 07 07:45:00 PST 2020,2,3,73
Tue Jan 07 07:45:00 PST 2020,3,1,97
Tue Jan 07 07:45:00 PST 2020,3,2,11
Tue Jan 07 07:45:00 PST 2020,3,3,65
Tue Jan 07 07:45:00 PST 2020,4,1,3
Tue Jan 07 07:45:00 PST 2020,4,2,11
Tue Jan 07 07:45:00 PST 2020,4,3,16
Tue Jan 07 08:00:00 PST 2020,1,1,64
Tue Jan 07 08:00:00 PST 2020,1,2,11
Tue Jan 07 08:00:00 PST 2020,1,3,83
Tue Jan 07 08:00:00 PST 2020,2,1,47
Tue Jan 07 08:00:00 PST 2020,2,2,11
Tue Jan 07 08:00:00 PST 2020,2,3,2
Tue Jan 07 08:00:00 PST 2020,3,1,54
Tue Jan 07 08:00:00 PST 2020,3,2,11
Tue Jan 07 08:00:00 PST 2020,3,3,91
Tue Jan 07 08:00:00 PST 2020,4,1,90
Tue Jan 07 08:00:00 PST 2020,4,2,11
Tue Jan 07 08:00:00 PST 2020,4,3,29
Tue Jan 07 08:15:00 PST 2020,1,1,2
Tue Jan 07 08:15:00 PST 2020,1,2,11
Tue Jan 07 08:15:00 PST 2020,1,3,41
Tue Jan 07 08:15:00 PST 2020,2,1,86
Tue Jan 07 08:15:00 PST 2020,2,2,11
Tue Jan 07 08:15:00 PST 2020,2,3,39
Tue Jan 07 08:15:00 PST 2020,3,1,22
Tue Jan 07 08:15:00 PST 2020,3,2,11
Tue Jan 07 08:15:00 PST 2020,3,3,93
Tue Jan 07 08:15:00 PST 2020,4,1,17
Tue Jan 07 08:15:00 PST 2020,4,2,11
Tue Jan 07 08:15:00 PST 2020,4,3,72
Tue Jan 07 08:30:00 PST 2020,1,1,51
Tue Jan 07 08:30:00 PST 2020,1,2,12
Tue Jan 07 08:30:00 PST 2020,1,3,51
Tue Jan 07 08:30:00 PST 2020,2,1,63
Tue Jan 07 08:30:00 PST 2020,2,2,12
Tue Jan 07 08:30:00 PST 2020,2,3,50
Tue Jan 07 08:30:00 PST 2020,3,1,41
Tue Jan 07 08:30:00 PST 2020,3,2,12
Tue Jan 07 08:30:00 PST 2020,3,3,46
Tue Jan 07 08:30:00 PST 2020,4,1,11
Tue Jan 07 08:30:00 PST 2020,4,2,12
Tue Jan 07 08:30:00 PST 2020,4,3,73
Tue Jan 07 08:45:00 PST 2020,1,1,38
Tue Jan 07 08:45:00 PST 2020,1,2,12
Tue Jan 07 08:45:00 PST 2020,1,3,94
Tue Jan 07 08:45:00 PST 2020,2,1,80
Tue Jan 07 08:45:00 PST 2020,2,2,173
Tue Jan 07 08:45:00 PST 2020,2,3,7
Tue Jan 07 08:45:00 PST 2020,3,1,46
Tue Jan 07 08:45:00 PST 2020,3,2,12
Tue Jan 07 08:45:00 PST 2020,3,3,82
Tue Jan 07 08:45:00 PST 2020,4,1,89
Tue Jan 07 08:45:00 PST 2020,4,2,12
Tue Jan 07 08:45:00 PST 2020,4,3,71
Tue Jan 07 09:00:00 PST 2020,1,1,53
Tue Jan 07 09:00:00 PST 2020,1,2,12
Tue Jan 07 09:00:00 PST 2020,1,3,63
Tue Jan 07 09:00:00 PST 2020,2,1,47
Tue Jan 07 09:00:00 PST 2020,2,2,12
Tue Jan 07 09:00:00 PST 2020,2,3,43
Tue Jan 07 09:00:00 PST 2020,3,1,78
Tue Jan 07 09:00:00 PST 2020,3,2,12
Tue Jan 07 09:00:00 PST 2020,3,3,60
Tue Jan 07 09:00:00 PST 2020,4,1,75
Tue Jan 07 09:00:00 PST 2020,4,2,12
Tue Jan 07 09:00:00 PST 2020,4,3,94
Tue Jan 07 09:15:00 PST 2020,1,1,-4
Tue Jan 07 09:15:00 PST 2020,1,2,12
Tue Jan 07 09:15:00 PST 2020,1,3,45
Tue Jan 07 09:15:00 PST 2020,2,1,82
Tue Jan 07 09:15:00 PST 2020,2,2,12
Tue Jan 07 09:15:00 PST 2020,2,3,75
Tue Jan 07 09:15:00 PST 2020,3,1,36
Tue Jan 07 09:15:00 PST 2020,3,2,12
Tue Jan 07 09:15:00 PST 2020,3,3,33
Tue Jan 07 09:15:00 PST 2020,4,1,72
Tue Jan 07 09:15:00 PST 2020,4,2,12
Tue Jan 07 09:15:00 PST 2020,4,3,74
Tue Jan 07 09:30:00 PST 2020,1,1,39
Tue Jan 07 09:30:00 PST 2020,1,2,12
Tue Jan 07 09:30:00 PST 2020,1,3,72
Tue Jan 07 09:30:00 PST 2020,2,1,52
Tue Jan 07 09:30:00 PST 2020,2,2,12
Tue Jan 07 09:30:00 PST 2020,2,3,6
Tue Jan 07 09:30:00 PST 2020,3,1,56
Tue Jan 07 09:30:00 PST 2020,3,2,12
Tue Jan 07 09:30:00 PST 2020,3,3,20
Tue Jan 07 09:30:00 PST 2020,4,1,75
Tue Jan 07 09:30:00 PST 2020,4,2,12
Tue Jan 07 09:30:00 PST 2020,4,3,-50
Tue Jan 07 09:45:00 PST 2020,1,1,82
Tue Jan 07 09:45:00 PST 2020,1,2,167
Tue Jan 07 09:45:00 PST 2020,1,3,11
Tue Jan 07 09:45:00 PST 2020,2,1,16
Tue Jan 07 09:45:00 PST 2020,2,2,13
Tue Jan 07 09:45:00 PST 2020,2,3,8
Tue Jan 07 09:45:00 PST 2020,3,1,34
Tue Jan 07 09:45:00 PST 2020,3,2,13
Tue Jan 07 09:45:00 PST 2020,3,3,84
Tue Jan 07 09:45:00 PST 2020,4,1,6
Tue Jan 07 09:45:00 PST 2020,4,2,13
Tue Jan 07 09:45:00 PST 2020,4,3,#NA#
Tue Jan 07 10:00:00 PST 2020,1,1,83
Tue Jan 07 10:00:00 PST 2020,1,2,13
Tue Jan 07 10:00:00 PST 2020,1,3,15
Tue Jan 07 10:00:00 PST 2020,2,1,69
Tue Jan 07 10:00:00 PST 2020,2,2,13
Tue Jan 07 10:00:00 PST 2020,2,3,17
Tue Jan 07 10:00:00 PST 2020,3,1,28
Tue Jan 07 10:00:00 PST 2020,3,2,13
Tue Jan 07 10:00:00 PST 2020,3,3,29
Tue Jan 07 10:00:00 PST 2020,4,1,40
Tue Jan 07 10:00:00 PST 2020,4,2,13
Tue Jan 07 10:00:00 PST 2020,4,3,70
Tue Jan 07 10:15:00 PST 2020,1,1,29
Tue Jan 07 10:15:00 PST 2020,1,2,#ERROR#
Tue Jan 07 10:15:00 PST 2020,1,3,#ERROR#
Tue Jan 07 10:15:00 PST 2020,2,1,11
Tue Jan 07 10:15:00 PST 2020,2,2,13
Tue Jan 07 10:15:00 PST 2020,2,3,-77
Tue Jan 07 10:15:00 PST 2020,3,1,18
Tue Jan 07 10:15:00 PST 2020,3,2,13
Tue Jan 07 10:15:00 PST 2020,3,3,33
Tue Jan 07 10:15:00 PST 2020,4,1,39
Tue Jan 07 10:15:00 PST 2020,4,2,13
Tue Jan 07 10:15:00 PST 2020,4,3,3
Tue Jan 07 10:30:00 PST 2020,1,1,80
Tue Jan 07 10:30:00 PST 2020,1,2,13
Tue Jan 07 10:30:00 PST 2020,1,3,51
Tue Jan 07 10:30:00 PST 2020,2,1,80
Tue Jan 07 10:30:00 PST 2020,2,2,13
Tue Jan 07 10:30:00 PST 2020,2,3,#ERROR#
Tue Jan 07 10:30:00 PST 2020,3,1,#NA#
Tue Jan 07 10:30:00 PST 2020,3,2,13
Tue Jan 07 10:30:00 PST 2020,3,3,45
Tue Jan 07 10:30:00 PST 2020,4,1,66
Tue Jan 07 10:30:00 PST 2020,4,2,13
Tue Jan 07 10:30:00 PST 2020,4,3,57
Tue Jan 07 10:45:00 PST 2020,1,1,90
Tue Jan 07 10:45:00 PST 2020,1,2,13
Tue Jan 07 10:45:00 PST 2020,1,3,67
Tue Jan 07 10:45:00 PST 2020,2,1,96
Tue Jan 07 10:45:00 PST 2020,2,2,13
Tue Jan 07 10:45:00 PST 2020,2,3,25
Tue Jan 07 10:45:00 PST 2020,3,1,33
Tue Jan 07 10:45:00 PST 2020,3,2,#ERROR#
Tue Jan 07 10:45:00 PST 2020,3,3,32
Tue Jan 07 10:45:00 PST 2020,4,1,17
Tue Jan 07 10:45:00 PST 2020,4,2,13
Tue Jan 07 10:45:00 PST 2020,4,3,25
Tue Jan 07 11:00:00 PST 2020,1,1,62
Tue Jan 07 11:00:00 PST 2020,1,2,#ERROR#
Tue Jan 07 11:00:00 PST 2020,1,3,80
Tue Jan 07 11:00:00 PST 2020,2,1,16
Tue Jan 07 11:00:00 PST 2020,2,2,14
Tue Jan 07 11:00:00 PST 2020,2,3,80
Tue Jan 07 11:00:00 PST 2020,3,1,#NA#
Tue Jan 07 11:00:00 PST 2020,3,2,#NA#
Tue Jan 07 11:00:00 PST 2020,3,3,88
Tue Jan 07 11:00:00 PST 2020,4,1,20
Tue Jan 07 11:00:00 PST 2020,4,2,14
Tue Jan 07 11:00:00 PST 2020,4,3,65
Tue Jan 07 11:15:00 PST 2020,1,1,28
Tue Jan 07 11:15:00 PST 2020,1,2,14
Tue Jan 07 11:15:00 PST 2020,1,3,26
Tue Jan 07 11:15:00 PST 2020,2,1,5
Tue Jan 07 11:15:00 PST 2020,2,2,14
Tue Jan 07 11:15:00 PST 2020,2,3,#ERROR#
Tue Jan 07 11:15:00 PST 2020,3,1,97
Tue Jan 07 11:15:00 PST 2020,3,2,14
Tue Jan 07 11:15:00 PST 2020,3,3,2
Tue Jan 07 11:15:00 PST 2020,4,1,80
Tue Jan 07 11:15:00 PST 2020,4,2,#ERROR#
Tue Jan 07 11:15:00 PST 2020,4,3,17
Tue Jan 07 11:30:00 PST 2020,1,1,90
Tue Jan 07 11:30:00 PST 2020,1,2,14
Tue Jan 07 11:30:00 PST 2020,1,3,21
Tue Jan 07 11:30:00 PST 2020,2,1,76
Tue Jan 07 11:30:00 PST 2020,2,2,14
Tue Jan 07 11:30:00 PST 2020,2,3,63
Tue Jan 07 11:30:00 PST 2020,3,1,47
Tue Jan 07 11:30:00 PST 2020,3,2,14
Tue Jan 07 11:30:00 PST 2020,3,3,50
Tue Jan 07 11:30:00 PST 2020,4,1,58
Tue Jan 07 11:30:00 PST 2020,4,2,14
Tue Jan 07 11:30:00 PST 2020,4,3,4
Tue Jan 07 11:45:00 PST 2020,1,1,93
Tue Jan 07 11:45:00 PST 2020,1,2,14
Tue Jan 07 11:45:00 PST 2020,1,3,13
Tue Jan 07 11:45:00 PST 2020,2,1,32
Tue Jan 07 11:45:00 PST 2020,2,2,14
Tue Jan 07 11:45:00 PST 2020,2,3,63
Tue Jan 07 11:45:00 PST 2020,3,1,74
Tue Jan 07 11:45:00 PST 2020,3,2,14
Tue Jan 07 11:45:00 PST 2020,3,3,36
Tue Jan 07 11:45:00 PST 2020,4,1,5
Tue Jan 07 11:45:00 PST 2020,4,2,14
Tue Jan 07 11:45:00 PST 2020,4,3,16
Tue Jan 07 12:00:00 PST 2020,1,1,17
Tue Jan 07 12:00:00 PST 2020,1,2,14
Tue Jan 07 12:00:00 PST 2020,1,3,53
Tue Jan 07 12:00:00 PST 2020,2,1,68
Tue Jan 07 12:00:00 PST 2020,2,2,14
Tue Jan 07 12:00:00 PST 2020,2,3,12
Tue Jan 07 12:00:00 PST 2020,3,1,95
Tue Jan 07 12:00:00 PST 2020,3,2,#NA#
Tue Jan 07 12:00:00 PST 2020,3,3,15
Tue Jan 07 12:00:00 PST 2020,4,1,74
Tue Jan 07 12:00:00 PST 2020,4,2,14
Tue Jan 07 12:00:00 PST 2020,4,3,73
Tue Jan 07 12:15:00 PST 2020,1,1,86
Tue Jan 07 12:15:00 PST 2020,1,2,15
Tue Jan 07 12:15:00 PST 2020,1,3,48
Tue Jan 07 12:15:00 PST 2020,2,1,15
Tue Jan 07 12:15:00 PST 2020,2,2,15
Tue Jan 07 12:15:00 PST 2020,2,3,96
Tue Jan 07 12:15:00 PST 2020,3,1,22
Tue Jan 07 12:15:00 PST 2020,3,2,15
Tue Jan 07 12:15:00 PST 2020,3,3,73
Tue Jan 07 12:15:00 PST 2020,4,1,34
Tue Jan 07 12:15:00 PST 2020,4,2,15
Tue Jan 07 12:15:00 PST 2020,4,3,2
Tue Jan 07 12:30:00 PST 2020,1,1,9
Tue Jan 07 12:30:00 PST 2020,1,2,15
Tue Jan 07 12:30:00 PST 2020,1,3,55
Tue Jan 07 12:30:00 PST 2020,2,1,30
Tue Jan 07 12:30:00 PST 2020,2,2,151
Tue Jan 07 12:30:00 PST 2020,2,3,59
Tue Jan 07 12:30:00 PST 2020,3,1,15
Tue Jan 07 12:30:00 PST 2020,3,2,15
Tue Jan 07 12:30:00 PST 2020,3,3,69
Tue Jan 07 12:30:00 PST 2020,4,1,3
Tue Jan 07 12:30:00 PST 2020,4,2,15
Tue Jan 07 12:30:00 PST 2020,4,3,67
Tue Jan 07 12:45:00 PST 2020,1,1,61
Tue Jan 07 12:45:00 PST 2020,1,2,15
Tue Jan 07 12:45:00 PST 2020,1,3,21
Tue Jan 07 12:45:00 PST 2020,2,1,#ERROR#
Tue Jan 07 12:45:00 PST 2020,2,2,15
Tue Jan 07 12:45:00 PST 2020,2,3,76
Tue Jan 07 12:45:00 PST 2020,3,1,19
Tue Jan 07 12:45:00 PST 2020,3,2,15
Tue Jan 07 12:45:00 PST 2020,3,3,44
Tue Jan 07 12:45:00 PST 2020,4,1,36
Tue Jan 07 12:45:00 PST 2020,4,2,15
Tue Jan 07 12:45:00 PST 2020,4,3,97
Tue Jan 07 13:00:00 PST 2020,1,1,61
Tue Jan 07 13:00:00 PST 2020,1,2,15
Tue Jan 07 13:00:00 PST 2020,1,3,65
Tue Jan 07 13:00:00 PST 2020,2,1,19
Tue Jan 07 13:00:00 PST 2020,2,2,15
Tue Jan 07 13:00:00 PST 2020,2,3,4
Tue Jan 07 13:00:00 PST 2020,3,1,71
Tue Jan 07 13:00:00 PST 2020,3,2,15
Tue Jan 07 13:00:00 PST 2020,3,3,15
Tue Jan 07 13:00:00 PST 2020,4,1,20
Tue Jan 07 13:00:00 PST 2020,4,2,15
Tue Jan 07 13:00:00 PST 2020,4,3,86
Tue Jan 07 13:15:00 PST 2020,1,1,91
Tue Jan 07 13:15:00 PST 2020,1,2,15
Tue Jan 07 13:15:00 PST 2020,1,3,11
Tue Jan 07 13:15:00 PST 2020,2,1,25
Tue Jan 07 13:15:00 PST 2020,2,2,15
Tue Jan 07 13:15:00 PST 2020,2,3,50
Tue Jan 07 13:15:00 PST 2020,3,1,17
Tue Jan 07 13:15:00 PST 2020,3,2,15
Tue Jan 07 13:15:00 PST 2020,3,3,149
Tue Jan 07 13:15:00 PST 2020,4,1,7
Tue Jan 07 13:15:00 PST 2020,4,2,15
Tue Jan 07 13:15:00 PST 2020,4,3,12
Tue Jan 07 13:30:00 PST 2020,1,1,70
Tue Jan 07 13:30:00 PST 2020,1,2,16
Tue Jan 07 13:30:00 PST 2020,1,3,67
Tue Jan 07 13:30:00 PST 2020,2,1,64
Tue Jan 07 13:30:00 PST 2020,2,2,16
Tue Jan 07 13:30:00 PST 2020,2,3,60
Tue Jan 07 13:30:00 PST 2020,3,1,-88
Tue Jan 07 13:30:00 PST 2020,3,2,16
Tue Jan 07 13:30:00 PST 2020,3,3,93
Tue Jan 07 13:30:00 PST 2020,4,1,0
Tue Jan 07 13:30:00 PST 2020,4,2,#NA#
Tue Jan 07 13:30:00 PST 2020,4,3,75
Tue Jan 07 13:45:00 PST 2020,1,1,46
Tue Jan 07 13:45:00 PST 2020,1,2,16
Tue Jan 07 13:45:00 PST 2020,1,3,9
Tue Jan 07 13:45:00 PST 2020,2,1,69
Tue Jan 07 13:45:00 PST 2020,2,2,16
Tue Jan 07 13:45:00 PST 2020,2,3,83
Tue Jan 07 13:45:00 PST 2020,3,1,80
Tue Jan 07 13:45:00 PST 2020,3,2,16
Tue Jan 07 13:45:00 PST 2020,3,3,61
Tue Jan 07 13:45:00 PST 2020,4,1,47
Tue Jan 07 13:45:00 PST 2020,4,2,16
Tue Jan 07 13:45:00 PST 2020,4,3,#ERROR#
Tue Jan 07 14:00:00 PST 2020,1,1,78
Tue Jan 07 14:00:00 PST 2020,1,2,16
Tue Jan 07 14:00:00 PST 2020,1,3,79
Tue Jan 07 14:00:00 PST 2020,2,1,80
Tue Jan 07 14:00:00 PST 2020,2,2,16
Tue Jan 07 14:00:00 PST 2020,2,3,62
Tue Jan 07 14:00:00 PST 2020,3,1,40
Tue Jan 07 14:00:00 PST 2020,3,2,16
Tue Jan 07 14:00:00 PST 2020,3,3,41
Tue Jan 07 14:00:00 PST 2020,4,1,23
Tue Jan 07 14:00:00 PST 2020,4,2,16
Tue Jan 07 14:00:00 PST 2020,4,3,89
Tue Jan 07 14:15:00 PST 2020,1,1,25
Tue Jan 07 14:15:00 PST 2020,1,2,16
Tue Jan 07 14:15:00 PST 2020,1,3,54
Tue Jan 07 14:15:00 PST 2020,2,1,94
Tue Jan 07 14:15:00 PST 2020,2,2,16
Tue Jan 07 14:15:00 PST 2020,2,3,60
Tue Jan 07 14:15:00 PST 2020,3,1,72
Tue Jan 07 14:15:00 PST 2020,3,2,16
Tue Jan 07 14:15:00 PST 2020,3,3,88
Tue Jan 07 14:15:00 PST 2020,4,1,44
Tue Jan 07 14:15:00 PST 2020,4,2,16
Tue Jan 07 14:15:00 PST 2020,4,3,64
Tue Jan 07 14:30:00 PST 2020,1,1,85
Tue Jan 07 14:30:00 PST 2020,1,2,16
Tue Jan 07 14:30:00 PST 2020,1,3,#NA#
Tue Jan 07 14:30:00 PST 2020,2,1,47
Tue Jan 07 14:30:00 PST 2020,2,2,16
Tue Jan 07 14:30:00 PST 2020,2,3,7
Tue Jan 07 14:30:00 PST 2020,3,1,51
Tue Jan 07 14:30:00 PST 2020,3,2,16
Tue Jan 07 14:30:00 PST 2020,3,3,18
Tue Jan 07 14:30:00 PST 2020,4,1,89
Tue Jan 07 14:30:00 PST 2020,4,2,173
Tue Jan 07 14:30:00 PST 2020,4,3,6
Tue Jan 07 14:45:00 PST 2020,1,1,4
Tue Jan 07 14:45:00 PST 2020,1,2,17
Tue Jan 07 14:45:00 PST 2020,1,3,77
Tue Jan 07 14:45:00 PST 2020,2,1,200
Tue Jan 07 14:45:00 PST 2020,2,2,17
Tue Jan 07 14:45:00 PST 2020,2,3,49
Tue Jan 07 14:45:00 PST 2020,3,1,25
Tue Jan 07 14:45:00 PST 2020,3,2,17
Tue Jan 07 14:45:00 PST 2020,3,3,91
Tue Jan 07 14:45:00 PST 2020,4,1,48
Tue Jan 07 14:45:00 PST 2020,4,2,17
Tue Jan 07 14:45:00 PST 2020,4,3,54
Tue Jan 07 15:00:00 PST 2020,1,1,80
Tue Jan 07 15:00:00 PST 2020,1,2,17
Tue Jan 07 15:00:00 PST 2020,1,3,86
Tue Jan 07 15:00:00 PST 2020,2,1,52
Tue Jan 07 15:00:00 PST 2020,2,2,-86
Tue Jan 07 15:00:00 PST 2020,2,3,77
Tue Jan 07 15:00:00 PST 2020,3,1,3
Tue Jan 07 15:00:00 PST 2020,3,2,168
Tue Jan 07 15:00:00 PST 2020,3,3,28
Tue Jan 07 15:00:00 PST 2020,4,1,84
Tue Jan 07 15:00:00 PST 2020,4,2,17
Tue Jan 07 15:00:00 PST 2020,4,3,62
Tue Jan 07 15:15:00 PST 2020,1,1,36
Tue Jan 07 15:15:00 PST 2020,1,2,17
Tue Jan 07 15:15:00 PST 2020,1,3,94
Tue Jan 07 15:15:00 PST 2020,2,1,10
Tue Jan 07 15:15:00 PST 2020,2,2,17
Tue Jan 07 15:15:00 PST 2020,2,3,#ERROR#
Tue Jan 07 15:15:00 PST 2020,3,1,163
Tue Jan 07 15:15:00 PST 2020,3,2,17
Tue Jan 07 15:15:00 PST 2020,3,3,143
Tue Jan 07 15:15:00 PST 2020,4,1,98
Tue Jan 07 15:15:00 PST 2020,4,2,-72
Tue Jan 07 15:15:00 PST 2020,4,3,19
Tue Jan 07 15:30:00 PST 2020,1,1,33
Tue Jan 07 15:30:00 PST 2020,1,2,17
Tue Jan 07 15:30:00 PST 2020,1,3,14
Tue Jan 07 15:30:00 PST 2020,2,1,126
Tue Jan 07 15:30:00 PST 2020,2,2,17
Tue Jan 07 15:30:00 PST 2020,2,3,44
Tue Jan 07 15:30:00 PST 2020,3,1,57
Tue Jan 07 15:30:00 PST 2020,3,2,17
Tue Jan 07 15:30:00 PST 2020,3,3,95
Tue Jan 07 15:30:00 PST 2020,4,1,45
Tue Jan 07 15:30:00 PST 2020,4,2,17
Tue Jan 07 15:30:00 PST 2020,4,3,78
Tue Jan 07 15:45:00 PST 2020,1,1,#NA#
Tue Jan 07 15:45:00 PST 2020,1,2,17
Tue Jan 07 15:45:00 PST 2020,1,3,30
Tue Jan 07 15:45:00 PST 2020,2,1,95
Tue Jan 07 15:45:00 PST 2020,2,2,17
Tue Jan 07 15:45:00 PST 2020,2,3,#ERROR#
Tue Jan 07 15:45:00 PST 2020,3,1,16
Tue Jan 07 15:45:00 PST 2020,3,2,#ERROR#
Tue Jan 07 15:45:00 PST 2020,3,3,18
Tue Jan 07 15:45:00 PST 2020,4,1,24
Tue Jan 07 15:45:00 PST 2020,4,2,17
Tue Jan 07 15:45:00 PST 2020,4,3,27
Tue Jan 07 16:00:00 PST 2020,1,1,58
Tue Jan 07 16:00:00 PST 2020,1,2,18
Tue Jan 07 16:00:00 PST 2020,1,3,13
Tue Jan 07 16:00:00 PST 2020,2,1,15
Tue Jan 07 16:00:00 PST 2020,2,2,18
Tue Jan 07 16:00:00 PST 2020,2,3,100
Tue Jan 07 16:00:00 PST 2020,3,1,94
Tue Jan 07 16:00:00 PST 2020,3,2,#NA#
Tue Jan 07 16:00:00 PST 2020,3,3,23
Tue Jan 07 16:00:00 PST 2020,4,1,84
Tue Jan 07 16:00:00 PST 2020,4,2,18
Tue Jan 07 16:00:00 PST 2020,4,3,9
Tue Jan 07 16:15:00 PST 2020,1,1,90
Tue Jan 07 16:15:00 PST 2020,1,2,18
Tue Jan 07 16:15:00 PST 2020,1,3,61
Tue Jan 07 16:15:00 PST 2020,2,1,#ERROR#
Tue Jan 07 16:15:00 PST 2020,2,2,18
Tue Jan 07 16:15:00 PST 2020,2,3,64
Tue Jan 07 16:15:00 PST 2020,3,1,72
Tue Jan 07 16:15:00 PST 2020,3,2,18
Tue Jan 07 16:15:00 PST 2020,3,3,#NA#
Tue Jan 07 16:15:00 PST 2020,4,1,7
Tue Jan 07 16:15:00 PST 2020,4,2,18
Tue Jan 07 16:15:00 PST 2020,4,3,124
Tue Jan 07 16:30:00 PST 2020,1,1,4
Tue Jan 07 16:30:00 PST 2020,1,2,18
Tue Jan 07 16:30:00 PST 2020,1,3,98
Tue Jan 07 16:30:00 PST 2020,2,1,25
Tue Jan 07 16:30:00 PST 2020,2,2,18
Tue Jan 07 16:30:00 PST 2020,2,3,88
Tue Jan 07 16:30:00 PST 2020,3,1,77
Tue Jan 07 16:30:00 PST 2020,3,2,18
Tue Jan 07 16:30:00 PST 2020,3,3,83
Tue Jan 07 16:30:00 PST 2020,4,1,59
Tue Jan 07 16:30:00 PST 2020,4,2,18
Tue Jan 07 16:30:00 PST 2020,4,3,23
Tue Jan 07 16:45:00 PST 2020,1,1,48
Tue Jan 07 16:45:00 PST 2020,1,2,18
Tue Jan 07 16:45:00 PST 2020,1,3,22
Tue Jan 07 16:45:00 PST 2020,2,1,9
Tue Jan 07 16:45:00 PST 2020,2,2,18
Tue Jan 07 16:45:00 PST 2020,2,3,73
Tue Jan 07 16:45:00 PST 2020,3,1,54
Tue Jan 07 16:45:00 PST 2020,3,2,18
Tue Jan 07 16:45:00 PST 2020,3,3,51
Tue Jan 07 16:45:00 PST 2020,4,1,33
Tue Jan 07 16:45:00 PST 2020,4,2,18
Tue Jan 07 16:45:00 PST 2020,4,3,58
Tue Jan 07 17:00:00 PST 2020,1,1,78
Tue Jan 07 17:00:00 PST 2020,1,2,18
Tue Jan 07 17:00:00 PST 2020,1,3,77
Tue Jan 07 17:00:00 PST 2020,2,1,77
Tue Jan 07 17:00:00 PST 2020,2,2,18
Tue Jan 07 17:00:00 PST 2020,2,3,35
Tue Jan 07 17:00:00 PST 2020,3,1,125
Tue Jan 07 17:00:00 PST 2020,3,2,172
Tue Jan 07 17:00:00 PST 2020,3,3,14
Tue Jan 07 17:00:00 PST 2020,4,1,-10
Tue Jan 07 17:00:00 PST 2020,4,2,#ERROR#
Tue Jan 07 17:00:00 PST 2020,4,3,100
Tue Jan 07 17:15:00 PST 2020,1,1,41
Tue Jan 07 17:15:00 PST 2020,1,2,155
Tue Jan 07 17:15:00 PST 2020,1,3,174
Tue Jan 07 17:15:00 PST 2020,2,1,4
Tue Jan 07 17:15:00 PST 2020,2,2,19
Tue Jan 07 17:15:00 PST 2020,2,3,24
Tue Jan 07 17:15:00 PST 2020,3,1,77
Tue Jan 07 17:15:00 PST 2020,3,2,19
Tue Jan 07 17:15:00 PST 2020,3,3,60
Tue Jan 07 17:15:00 PST 2020,4,1,41
Tue Jan 07 17:15:00 PST 2020,4,2,19
Tue Jan 07 17:15:00 PST 2020,4,3,41
Tue Jan 07 17:30:00 PST 2020,1,1,100
Tue Jan 07 17:30:00 PST 2020,1,2,19
Tue Jan 07 17:30:00 PST 2020,1,3,83
Tue Jan 07 17:30:00 PST 2020,2,1,96
Tue Jan 07 17:30:00 PST 2020,2,2,19
Tue Jan 07 17:30:00 PST 2020,2,3,90
Tue Jan 07 17:30:00 PST 2020,3,1,18
Tue Jan 07 17:30:00 PST 2020,3,2,19
Tue Jan 07 17:30:00 PST 2020,3,3,-38
Tue Jan 07 17:30:00 PST 2020,4,1,61
Tue Jan 07 17:30:00 PST 2020,4,2,19
Tue Jan 07 17:30:00 PST 2020,4,3,-1
Tue Jan 07 17:45:00 PST 2020,1,1,18
Tue Jan 07 17:45:00 PST 2020,1,2,19
Tue Jan 07 17:45:00 PST 2020,1,3,82
Tue Jan 07 17:45:00 PST 2020,2,1,26
Tue Jan 07 17:45:00 PST 2020,2,2,19
Tue Jan 07 17:45:00 PST 2020,2,3,3
Tue Jan 07 17:45:00 PST 2020,3,1,83
Tue Jan 07 17:45:00 PST 2020,3,2,19
Tue Jan 07 17:45:00 PST 2020,3,3,95
Tue Jan 07 17:45:00 PST 2020,4,1,23
Tue Jan 07 17:45:00 PST 2020,4,2,19
Tue Jan 07 17:45:00 PST 2020,4,3,32
Tue Jan 07 18:00:00 PST 2020,1,1,59
Tue Jan 07 18:00:00 PST 2020,1,2,19
Tue Jan 07 18:00:00 PST 2020,1,3,113
Tue Jan 07 18:00:00 PST 2020,2,1,84
Tue Jan 07 18:00:00 PST 2020,2,2,19
Tue Jan 07 18:00:00 PST 2020,2,3,#ERROR#
Tue Jan 07 18:00:00 PST 2020,3,1,51
Tue Jan 07 18:00:00 PST 2020,3,2,19
Tue Jan 07 18:00:00 PST 2020,3,3,27
Tue Jan 07 18:00:00 PST 2020,4,1,57
Tue Jan 07 18:00:00 PST 2020,4,2,19
Tue Jan 07 18:00:00 PST 2020,4,3,13
Tue Jan 07 18:15:00 PST 2020,1,1,40
Tue Jan 07 18:15:00 PST 2020,1,2,#ERROR#
Tue Jan 07 18:15:00 PST 2020,1,3,72
Tue Jan 07 18:15:00 PST 2020,2,1,7
Tue Jan 07 18:15:00 PST 2020,2,2,19
Tue Jan 07 18:15:00 PST 2020,2,3,54
Tue Jan 07 18:15:00 PST 2020,3,1,43
Tue Jan 07 18:15:00 PST 2020,3,2,19
Tue Jan 07 18:15:00 PST 2020,3,3,94
Tue Jan 07 18:15:00 PST 2020,4,1,13
Tue Jan 07 18:15:00 PST 2020,4,2,19
Tue Jan 07 18:15:00 PST 2020,4,3,67
Tue Jan 07 18:30:00 PST 2020,1,1,26
Tue Jan 07 18:30:00 PST 2020,1,2,20
Tue Jan 07 18:30:00 PST 2020,1,3,#ERROR#
Tue Jan 07 18:30:00 PST 2020,2,1,6
Tue Jan 07 18:30:00 PST 2020,2,2,20
Tue Jan 07 18:30:00 PST 2020,2,3,63
Tue Jan 07 18:30:00 PST 2020,3,1,66
Tue Jan 07 18:30:00 PST 2020,3,2,20
Tue Jan 07 18:30:00 PST 2020,3,3,79
Tue Jan 07 18:30:00 PST 2020,4,1,48
Tue Jan 07 18:30:00 PST 2020,4,2,20
Tue Jan 07 18:30:00 PST 2020,4,3,65
Tue Jan 07 18:45:00 PST 2020,1,1,129
Tue Jan 07 18:45:00 PST 2020,1,2,20
Tue Jan 07 18:45:00 PST 2020,1,3,84
Tue Jan 07 18:45:00 PST 2020,2,1,6
Tue Jan 07 18:45:00 PST 2020,2,2,20
Tue Jan 07 18:45:00 PST 2020,2,3,34
Tue Jan 07 18:45:00 PST 2020,3,1,37
Tue Jan 07 18:45:00 PST 2020,3,2,20
Tue Jan 07 18:45:00 PST 2020,3,3,87
Tue Jan 07 18:45:00 PST 2020,4,1,22
Tue Jan 07 18:45:00 PST 2020,4,2,20
Tue Jan 07 18:45:00 PST 2020,4,3,90
Tue Jan 07 19:00:00 PST 2020,1,1,9
Tue Jan 07 19:00:00 PST 2020,1,2,20
Tue Jan 07 19:00:00 PST 2020,1,3,27
Tue Jan 07 19:00:00 PST 2020,2,1,43
Tue Jan 07 19:00:00 PST 2020,2,2,20
Tue Jan 07 19:00:00 PST 2020,2,3,33
Tue Jan 07 19:00:00 PST 2020,3,1,5
Tue Jan 07 19:00:00 PST 2020,3,2,20
Tue Jan 07 19:00:00 PST 2020,3,3,24
Tue Jan 07 19:00:00 PST 2020,4,1,84
Tue Jan 07 19:00:00 PST 2020,4,2,20
Tue Jan 07 19:00:00 PST 2020,4,3,61
Tue Jan 07 19:15:00 PST 2020,1,1,7
Tue Jan 07 19:15:00 PST 2020,1,2,20
Tue Jan 07 19:15:00 PST 2020,1,3,80
Tue Jan 07 19:15:00 PST 2020,2,1,76
Tue Jan 07 19:15:00 PST 2020,2,2,20
Tue Jan 07 19:15:00 PST 2020,2,3,75
Tue Jan 07 19:15:00 PST 2020,3,1,49
Tue Jan 07 19:15:00 PST 2020,3,2,20
Tue Jan 07 19:15:00 PST 2020,3,3,46
Tue Jan 07 19:15:00 PST 2020,4,1,28
Tue Jan 07 19:15:00 PST 2020,4,2,20
Tue Jan 07 19:15:00 PST 2020,4,3,77
Tue Jan 07 19:30:00 PST 2020,1,1,16
Tue Jan 07 19:30:00 PST 2020,1,2,20
Tue Jan 07 19:30:00 PST 2020,1,3,15
Tue Jan 07 19:30:00 PST 2020,2,1,82
Tue Jan 07 19:30:00 PST 2020,2,2,20
Tue Jan 07 19:30:00 PST 2020,2,3,6
Tue Jan 07 19:30:00 PST 2020,3,1,92
Tue Jan 07 19:30:00 PST 2020,3,2,20
Tue Jan 07 19:30:00 PST 2020,3,3,96
Tue Jan 07 19:30:00 PST 2020,4,1,3
Tue Jan 07 19:30:00 PST 2020,4,2,20
Tue Jan 07 19:30:00 PST 2020,4,3,54
Tue Jan 07 19:45:00 PST 2020,1,1,29
Tue Jan 07 19:45:00 PST 2020,1,2,21
Tue Jan 07 19:45:00 PST 2020,1,3,82
Tue Jan 07 19:45:00 PST 2020,2,1,149
Tue Jan 07 19:45:00 PST 2020,2,2,21
Tue Jan 07 19:45:00 PST 2020,2,3,31
Tue Jan 07 19:45:00 PST 2020,3,1,16
Tue Jan 07 19:45:00 PST 2020,3,2,21
Tue Jan 07 19:45:00 PST 2020,3,3,#NA#
Tue Jan 07 19:45:00 PST 2020,4,1,#ERROR#
Tue Jan 07 19:45:00 PST 2020,4,2,21
Tue Jan 07 19:45:00 PST 2020,4,3,54
Tue Jan 07 20:00:00 PST 2020,1,1,86
Tue Jan 07 20:00:00 PST 2020,1,2,21
Tue Jan 07 20:00:00 PST 2020,1,3,98
Tue Jan 07 20:00:00 PST 2020,2,1,#ERROR#
Tue Jan 07 20:00:00 PST 2020,2,2,21
Tue Jan 07 20:00:00 PST 2020,2,3,78
Tue Jan 07 20:00:00 PST 2020,3,1,83
Tue Jan 07 20:00:00 PST 2020,3,2,21
Tue Jan 07 20:00:00 PST 2020,3,3,1
Tue Jan 07 20:00:00 PST 2020,4,1,76
Tue Jan 07 20:00:00 PST 2020,4,2,21
Tue Jan 07 20:00:00 PST 2020,4,3,6
Tue Jan 07 20:15:00 PST 2020,1,1,48
Tue Jan 07 20:15:00 PST 2020,1,2,#ERROR#
Tue Jan 07 20:15:00 PST 2020,1,3,80
Tue Jan 07 20:15:00 PST 2020,2,1,10
Tue Jan 07 20:15:00 PST 2020,2,2,21
Tue Jan 07 20:15:00 PST 2020,2,3,33
Tue Jan 07 20:15:00 PST 2020,3,1,29
Tue Jan 07 20:15:00 PST 2020,3,2,21
Tue Jan 07 20:15:00 PST 2020,3,3,33
Tue Jan 07 20:15:00 PST 2020,4,1,90
Tue Jan 07 20:15:00 PST 2020,4,2,21
Tue Jan 07 20:15:00 PST 2020,4,3,59
Tue Jan 07 20:30:00 PST 2020,1,1,50
Tue Jan 07 20:30:00 PST 2020,1,2,21
Tue Jan 07 20:30:00 PST 2020,1,3,57
Tue Jan 07 20:30:00 PST 2020,2,1,18
Tue Jan 07 20:30:00 PST 2020,2,2,21
Tue Jan 07 20:30:00 PST 2020,2,3,79
Tue Jan 07 20:30:00 PST 2020,3,1,69
Tue Jan 07 20:30:00 PST 2020,3,2,#ERROR#
Tue Jan 07 20:30:00 PST 2020,3,3,24
Tue Jan 07 20:30:00 PST 2020,4,1,21
Tue Jan 07 20:30:00 PST 2020,4,2,21
Tue Jan 07 20:30:00 PST 2020,4,3,34
Tue Jan 07 20:45:00 PST 2020,1,1,81
Tue Jan 07 20:45:00 PST 2020,1,2,21
Tue Jan 07 20:45:00 PST 2020,1,3,31
Tue Jan 07 20:45:00 PST 2020,2,1,#NA#
Tue Jan 07 20:45:00 PST 2020,2,2,#NA#
Tue Jan 07 20:45:00 PST 2020,2,3,27
Tue Jan 07 20:45:00 PST 2020,3,1,35
Tue Jan 07 20:45:00 PST 2020,3,2,21
Tue Jan 07 20:45:00 PST 2020,3,3,12
Tue Jan 07 20:45:00 PST 2020,4,1,30
Tue Jan 07 20:45:00 PST 2020,4,2,21
Tue Jan 07 20:45:00 PST 2020,4,3,75
Tue Jan 07 21:00:00 PST 2020,1,1,2
Tue Jan 07 21:00:00 PST 2020,1,2,22
Tue Jan 07 21:00:00 PST 2020,1,3,84
Tue Jan 07 21:00:00 PST 2020,2,1,50
Tue Jan 07 21:00:00 PST 2020,2,2,22
Tue Jan 07 21:00:00 PST 2020,2,3,6
Tue Jan 07 21:00:00 PST 2020,3,1,94
Tue Jan 07 21:00:00 PST 2020,3,2,22
Tue Jan 07 21:00:00 PST 2020,3,3,52
Tue Jan 07 21:00:00 PST 2020,4,1,74
Tue Jan 07 21:00:00 PST 2020,4,2,22
Tue Jan 07 21:00:00 PST 2020,4,3,90
Tue Jan 07 21:15:00 PST 2020,1,1,53
Tue Jan 07 21:15:00 PST 2020,1,2,22
Tue Jan 07 21:15:00 PST 2020,1,3,79
Tue Jan 07 21:15:00 PST 2020,2,1,70
Tue Jan 07 21:15:00 PST 2020,2,2,22
Tue Jan 07 21:15:00 PST 2020,2,3,95
Tue Jan 07 21:15:00 PST 2020,3,1,40
Tue Jan 07 21:15:00 PST 2020,3,2,22
Tue Jan 07 21:15:00 PST 2020,3,3,29
Tue Jan 07 21:15:00 PST 2020,4,1,90
Tue Jan 07 21:15:00 PST 2020,4,2,22
Tue Jan 07 21:15:00 PST 2020,4,3,97
Tue Jan 07 21:30:00 PST 2020,1,1,50
Tue Jan 07 21:30:00 PST 2020,1,2,22
Tue Jan 07 21:30:00 PST 2020,1,3,16
Tue Jan 07 21:30:00 PST 2020,2,1,80
Tue Jan 07 21:30:00 PST 2020,2,2,22
Tue Jan 07 21:30:00 PST 2020,2,3,89
Tue Jan 07 21:30:00 PST 2020,3,1,87
Tue Jan 07 21:30:00 PST 2020,3,2,22
Tue Jan 07 21:30:00 PST 2020,3,3,29
Tue Jan 07 21:30:00 PST 2020,4,1,40
Tue Jan 07 21:30:00 PST 2020,4,2,22
Tue Jan 07 21:30:00 PST 2020,4,3,26
Tue Jan 07 21:45:00 PST 2020,1,1,18
Tue Jan 07 21:45:00 PST 2020,1,2,22
Tue Jan 07 21:45:00 PST 2020,1,3,93
Tue Jan 07 21:45:00 PST 2020,2,1,22
Tue Jan 07 21:45:00 PST 2020,2,2,22
Tue Jan 07 21:45:00 PST 2020,2,3,83
Tue Jan 07 21:45:00 PST 2020,3,1,37
Tue Jan 07 21:45:00 PST 2020,3,2,22
Tue Jan 07 21:45:00 PST 2020,3,3,82
Tue Jan 07 21:45:00 PST 2020,4,1,33
Tue Jan 07 21:45:00 PST 2020,4,2,22
Tue Jan 07 21:45:00 PST 2020,4,3,48
Tue Jan 07 22:00:00 PST 2020,1,1,40
Tue Jan 07 22:00:00 PST 2020,1,2,22
Tue Jan 07 22:00:00 PST 2020,1,3,87
Tue Jan 07 22:00:00 PST 2020,2,1,58
Tue Jan 07 22:00:00 PST 2020,2,2,22
Tue Jan 07 22:00:00 PST 2020,2,3,-27
Tue Jan 07 22:00:00 PST 2020,3,1,78
Tue Jan 07 22:00:00 PST 2020,3,2,22
Tue Jan 07 22:00:00 PST 2020,3,3,2
Tue Jan 07 22:00:00 PST 2020,4,1,85
Tue Jan 07 22:00:00 PST 2020,4,2,22
Tue Jan 07 22:00:00 PST 2020,4,3,58
Tue Jan 07 22:15:00 PST 2020,1,1,50
Tue Jan 07 22:15:00 PST 2020,1,2,#ERROR#
Tue Jan 07 22:15:00 PST 2020,1,3,38
Tue Jan 07 22:15:00 PST 2020,2,1,65
Tue Jan 07 22:15:00 PST 2020,2,2,23
Tue Jan 07 22:15:00 PST 2020,2,3,30
Tue Jan 07 22:15:00 PST 2020,3,1,#ERROR#
Tue Jan 07 22:15:00 PST 2020,3,2,23
Tue Jan 07 22:15:00 PST 2020,3,3,70
Tue Jan 07 22:15:00 PST 2020,4,1,38
Tue Jan 07 22:15:00 PST 2020,4,2,23
Tue Jan 07 22:15:00 PST 2020,4,3,63
Tue Jan 07 22:30:00 PST 2020,1,1,84
Tue Jan 07 22:30:00 PST 2020,1,2,23
Tue Jan 07 22:30:00 PST 2020,1,3,52
Tue Jan 07 22:30:00 PST 2020,2,1,75
Tue Jan 07 22:30:00 PST 2020,2,2,23
Tue Jan 07 22:30:00 PST 2020,2,3,63
Tue Jan 07 22:30:00 PST 2020,3,1,98
Tue Jan 07 22:30:00 PST 2020,3,2,23
Tue Jan 07 22:30:00 PST 2020,3,3,46
Tue Jan 07 22:30:00 PST 2020,4,1,91
Tue Jan 07 22:30:00 PST 2020,4,2,23
Tue Jan 07 22:30:00 PST 2020,4,3,59
Tue Jan 07 22:45:00 PST 2020,1,1,0
Tue Jan 07 22:45:00 PST 2020,1,2,23
Tue Jan 07 22:45:00 PST 2020,1,3,26
Tue Jan 07 22:45:00 PST 2020,2,1,6
Tue Jan 07 22:45:00 PST 2020,2,2,23
Tue Jan 07 22:45:00 PST 2020,2,3,-22
Tue Jan 07 22:45:00 PST 2020,3,1,12
Tue Jan 07 22:45:00 PST 2020,3,2,23
Tue Jan 07 22:45:00 PST 2020,3,3,49
Tue Jan 07 22:45:00 PST 2020,4,1,49
Tue Jan 07 22:45:00 PST 2020,4,2,23
Tue Jan 07 22:45:00 PST 2020,4,3,#NA#
Tue Jan 07 23:00:00 PST 2020,1,1,67
Tue Jan 07 23:00:00 PST 2020,1,2,23
Tue Jan 07 23:00:00 PST 2020,1,3,51
Tue Jan 07 23:00:00 PST 2020,2,1,7
Tue Jan 07 23:00:00 PST 2020,2,2,#ERROR#
Tue Jan 07 23:00:00 PST 2020,2,3,98
Tue Jan 07 23:00:00 PST 2020,3,1,20
Tue Jan 07 23:00:00 PST 2020,3,2,23
Tue Jan 07 23:00:00 PST 2020,3,3,75
Tue Jan 07 23:00:00 PST 2020,4,1,31
Tue Jan 07 23:00:00 PST 2020,4,2,23
Tue Jan 07 23:00:00 PST 2020,4,3,83
Tue Jan 07 23:15:00 PST 2020,1,1,36
Tue Jan 07 23:15:00 PST 2020,1,2,23
Tue Jan 07 23:15:00 PST 2020,1,3,25
Tue Jan 07 23:15:00 PST 2020,2,1,90
Tue Jan 07 23:15:00 PST 2020,2,2,23
Tue Jan 07 23:15:00 PST 2020,2,3,8
Tue Jan 07 23:15:00 PST 2020,3,1,31
Tue Jan 07 23:15:00 PST 2020,3,2,23
Tue Jan 07 23:15:00 PST 2020,3,3,-65
Tue Jan 07 23:15:00 PST 2020,4,1,0
Tue Jan 07 23:15:00 PST 2020,4,2,23
Tue Jan 07 23:15:00 PST 2020,4,3,23
Tue Jan 07 23:30:00 PST 2020,1,1,63
Tue Jan 07 23:30:00 PST 2020,1,2,24
Tue Jan 07 23:30:00 PST 2020,1,3,2
Tue Jan 07 23:30:00 PST 2020,2,1,68
Tue Jan 07 23:30:00 PST 2020,2,2,24
Tue Jan 07 23:30:00 PST 2020,2,3,12
Tue Jan 07 23:30:00 PST 2020,3,1,92
Tue Jan 07 23:30:00 PST 2020,3,2,24
Tue Jan 07 23:30:00 PST 2020,3,3,44
Tue Jan 07 23:30:00 PST 2020,4,1,61
Tue Jan 07 23:30:00 PST 2020,4,2,24
Tue Jan 07 23:30:00 PST 2020,4,3,64
Tue Jan 07 23:45:00 PST 2020,1,1,76
Tue Jan 07 23:45:00 PST 2020,1,2,24
Tue Jan 07 23:45:00 PST 2020,1,3,54
Tue Jan 07 23:45:00 PST 2020,2,1,#NA#
Tue Jan 07 23:45:00 PST 2020,2,2,24
Tue Jan 07 23:45:00 PST 2020,2,3,7
Tue Jan 07 23:45:00 PST 2020,3,1,59
Tue Jan 07 23:45:00 PST 2020,3,2,24
Tue Jan 07 23:45:00 PST 2020,3,3,46
Tue Jan 07 23:45:00 PST 2020,4,1,75
Tue Jan 07 23:45:00 PST 2020,4,2,24
Tue Jan 07 23:45:00 PST 2020,4,3,67
Wed Jan 08 00:00:00 PST 2020,1,1,49
Wed Jan 08 00:00:00 PST 2020,1,2,24
Wed Jan 08 00:00:00 PST 2020,1,3,7
Wed Jan 08 00:00:00 PST 2020,2,1,#ERROR#
Wed Jan 08 00:00:00 PST 2020,2,2,24
Wed Jan 08 00:00:00 PST 2020,2,3,17
Wed Jan 08 00:00:00 PST 2020,3,1,86
Wed Jan 08 00:00:00 PST 2020,3,2,24
Wed Jan 08 00:00:00 PST 2020,3,3,60
Wed Jan 08 00:00:00 PST 2020,4,1,85
Wed Jan 08 00:00:00 PST 2020,4,2,24
Wed Jan 08 00:00:00 PST 2020,4,3,18
Wed Jan 08 00:15:00 PST 2020,1,1,5
Wed Jan 08 00:15:00 PST 2020,1,2,24
Wed Jan 08 00:15:00 PST 2020,1,3,20
Wed Jan 08 00:15:00 PST 2020,2,1,51
Wed Jan 08 00:15:00 PST 2020,2,2,24
Wed Jan 08 00:15:00 PST 2020,2,3,82
Wed Jan 08 00:15:00 PST 2020,3,1,16
Wed Jan 08 00:15:00 PST 2020,3,2,24
Wed Jan 08 00:15:00 PST 2020,3,3,73
Wed Jan 08 00:15:00 PST 2020,4,1,77
Wed Jan 08 00:15:00 PST 2020,4,2,24
Wed Jan 08 00:15:00 PST 2020,4,3,52
Wed Jan 08 00:30:00 PST 2020,1,1,66
Wed Jan 08 00:30:00 PST 2020,1,2,24
Wed Jan 08 00:30:00 PST 2020,1,3,1
Wed Jan 08 00:30:00 PST 2020,2,1,1
Wed Jan 08 00:30:00 PST 2020,2,2,24
Wed Jan 08 00:30:00 PST 2020,2,3,65
Wed Jan 08 00:30:00 PST 2020,3,1,75
Wed Jan 08 00:30:00 PST 2020,3,2,24
Wed Jan 08 00:30:00 PST 2020,3,3,71
Wed Jan 08 00:30:00 PST 2020,4,1,#ERROR#
Wed Jan 08 00:30:00 PST 2020,4,2,24
Wed Jan 08 00:30:00 PST 2020,4,3,13
Wed Jan 08 00:45:00 PST 2020,1,1,11
Wed Jan 08 00:45:00 PST 2020,1,2,25
Wed Jan 08 00:45:00 PST 2020,1,3,5
Wed Jan 08 00:45:00 PST 2020,2,1,20
Wed Jan 08 00:45:00 PST 2020,2,2,25
Wed Jan 08 00:45:00 PST 2020,2,3,2
Wed Jan 08 00:45:00 PST 2020,3,1,#ERROR#
Wed Jan 08 00:45:00 PST 2020,3,2,25
Wed Jan 08 00:45:00 PST 2020,3,3,1
Wed Jan 08 00:45:00 PST 2020,4,1,43
Wed Jan 08 00:45:00 PST 2020,4,2,25
Wed Jan 08 00:45:00 PST 2020,4,3,185
Wed Jan 08 01:00:00 PST 2020,1,1,57
Wed Jan 08 01:00:00 PST 2020,1,2,25
Wed Jan 08 01:00:00 PST 2020,1,3,67
Wed Jan 08 01:00:00 PST 2020,2,1,61
Wed Jan 08 01:00:00 PST 2020,2,2,-45
Wed Jan 08 01:00:00 PST 2020,2,3,20
Wed Jan 08 01:00:00 PST 2020,3,1,99
Wed Jan 08 01:00:00 PST 2020,3,2,25
Wed Jan 08 01:00:00 PST 2020,3,3,59
Wed Jan 08 01:00:00 PST 2020,4,1,77
Wed Jan 08 01:00:00 PST 2020,4,2,25
Wed Jan 08 01:00:00 PST 2020,4,3,6
Wed Jan 08 01:15:00 PST 2020,1,1,48
Wed Jan 08 01:15:00 PST 2020,1,2,25
Wed Jan 08 01:15:00 PST 2020,1,3,13
Wed Jan 08 01:15:00 PST 2020,2,1,7
Wed Jan 08 01:15:00 PST 2020,2,2,25
Wed Jan 08 01:15:00 PST 2020,2,3,#ERROR#
Wed Jan 08 01:15:00 PST 2020,3,1,62
Wed Jan 08 01:15:00 PST 2020,3,2,25
Wed Jan 08 01:15:00 PST 2020,3,3,13
Wed Jan 08 01:15:00 PST 2020,4,1,62
Wed Jan 08 01:15:00 PST 2020,4,2,25
Wed Jan 08 01:15:00 PST 2020,4,3,44
Wed Jan 08 01:30:00 PST 2020,1,1,14
Wed Jan 08 01:30:00 PST 2020,1,2,25
Wed Jan 08 01:30:00 PST 2020,1,3,28
Wed Jan 08 01:30:00 PST 2020,2,1,63
Wed Jan 08 01:30:00 PST 2020,2,2,25
Wed Jan 08 01:30:00 PST 2020,2,3,75
Wed Jan 08 01:30:00 PST 2020,3,1,21
Wed Jan 08 01:30:00 PST 2020,3,2,25
Wed Jan 08 01:30:00 PST 2020,3,3,94
Wed Jan 08 01:30:00 PST 2020,4,1,15
Wed Jan 08 01:30:00 PST 2020,4,2,#NA#
Wed Jan 08 01:30:00 PST 2020,4,3,56
Wed Jan 08 01:45:00 PST 2020,1,1,62
Wed Jan 08 01:45:00 PST 2020,1,2,25
Wed Jan 08 01:45:00 PST 2020,1,3,94
Wed Jan 08 01:45:00 PST 2020,2,1,54
Wed Jan 08 01:45:00 PST 2020,2,2,25
Wed Jan 08 01:45:00 PST 2020,2,3,87
Wed Jan 08 01:45:00 PST 2020,3,1,37
Wed Jan 08 01:45:00 PST 2020,3,2,25
Wed Jan 08 01:45:00 PST 2020,3,3,28
Wed Jan 08 01:45:00 PST 2020,4,1,72
Wed Jan 08 01:45:00 PST 2020,4,2,25
Wed Jan 08 01:45:00 PST 2020,4,3,28
Wed Jan 08 02:00:00 PST 2020,1,1,40
Wed Jan 08 02:00:00 PST 2020,1,2,26
Wed Jan 08 02:00:00 PST 2020,1,3,78
Wed Jan 08 02:00:00 PST 2020,2,1,95
Wed Jan 08 02:00:00 PST 2020,2,2,26
Wed Jan 08 02:00:00 PST 2020,2,3,9
Wed Jan 08 02:00:00 PST 2020,3,1,58
Wed Jan 08 02:00:00 PST 2020,3,2,26
Wed Jan 08 02:00:00 PST 2020,3,3,-93
Wed Jan 08 02:00:00 PST 2020,4,1,42
Wed Jan 08 02:00:00 PST 2020,4,2,-7
Wed Jan 08 02:00:00 PST 2020,4,3,140
Wed Jan 08 02:15:00 PST 2020,1,1,100
Wed Jan 08 02:15:00 PST 2020,1,2,26
Wed Jan 08 02:15:00 PST 2020,1,3,54
Wed Jan 08 02:15:00 PST 2020,2,1,40
Wed Jan 08 02:15:00 PST 2020,2,2,26
Wed Jan 08 02:15:00 PST 2020,2,3,1
Wed Jan 08 02:15:00 PST 2020,3,1,100
Wed Jan 08 02:15:00 PST 2020,3,2,#NA#
Wed Jan 08 02:15:00 PST 2020,3,3,1
Wed Jan 08 02:15:00 PST 2020,4,1,79
Wed Jan 08 02:15:00 PST 2020,4,2,26
Wed Jan 08 02:15:00 PST 2020,4,3,84
Wed Jan 08 02:30:00 PST 2020,1,1,73
Wed Jan 08 02:30:00 PST 2020,1,2,26
Wed Jan 08 02:30:00 PST 2020,1,3,34
Wed Jan 08 02:30:00 PST 2020,2,1,68
Wed Jan 08 02:30:00 PST 2020,2,2,26
Wed Jan 08 02:30:00 PST 2020,2,3,94
Wed Jan 08 02:30:00 PST 2020,3,1,13
Wed Jan 08 02:30:00 PST 2020,3,2,26
Wed Jan 08 02:30:00 PST 2020,3,3,23
Wed Jan 08 02:30:00 PST 2020,4,1,46
Wed Jan 08 02:30:00 PST 2020,4,2,26
Wed Jan 08 02:30:00 PST 2020,4,3,29
Wed Jan 08 02:45:00 PST 2020,1,1,10
Wed Jan 08 02:45:00 PST 2020,1,2,-38
Wed Jan 08 02:45:00 PST 2020,1,3,29
Wed Jan 08 02:45:00 PST 2020,2,1,95
Wed Jan 08 02:45:00 PST 2020,2,2,26
Wed Jan 08 02:45:00 PST 2020,2,3,99
Wed Jan 08 02:45:00 PST 2020,3,1,33
Wed Jan 08 02:45:00 PST 2020,3,2,26
Wed Jan 08 02:45:00 PST 2020,3,3,55
Wed Jan 08 02:45:00 PST 2020,4,1,49
Wed Jan 08 02:45:00 PST 2020,4,2,26
Wed Jan 08 02:45:00 PST 2020,4,3,5
Wed Jan 08 03:00:00 PST 2020,1,1,21
Wed Jan 08 03:00:00 PST 2020,1,2,26
Wed Jan 08 03:00:00 PST 2020,1,3,82
Wed Jan 08 03:00:00 PST 2020,2,1,10
Wed Jan 08 03:00:00 PST 2020,2,2,26
Wed Jan 08 03:00:00 PST 2020,2,3,48
Wed Jan 08 03:00:00 PST 2020,3,1,85
Wed Jan 08 03:00:00 PST 2020,3,2,26
Wed Jan 08 03:00:00 PST 2020,3,3,21
Wed Jan 08 03:00:00 PST 2020,4,1,58
Wed Jan 08 03:00:00 PST 2020,4,2,26
Wed Jan 08 03:00:00 PST 2020,4,3,94
Wed Jan 08 03:15:00 PST 2020,1,1,97
Wed Jan 08 03:15:00 PST 2020,1,2,27
Wed Jan 08 03:15:00 PST 2020,1,3,72
Wed Jan 08 03:15:00 PST 2020,2,1,64
Wed Jan 08 03:15:00 PST 2020,2,2,27
Wed Jan 08 03:15:00 PST 2020,2,3,53
Wed Jan 08 03:15:00 PST 2020,3,1,37
Wed Jan 08 03:15:00 PST 2020,3,2,-87
Wed Jan 08 03:15:00 PST 2020,3,3,97
Wed Jan 08 03:15:00 PST 2020,4,1,2
Wed Jan 08 03:15:00 PST 2020,4,2,27
Wed Jan 08 03:15:00 PST 2020,4,3,84
Wed Jan 08 03:30:00 PST 2020,1,1,100
Wed Jan 08 03:30:00 PST 2020,1,2,27
Wed Jan 08 03:30:00 PST 2020,1,3,89
Wed Jan 08 03:30:00 PST 2020,2,1,2
Wed Jan 08 03:30:00 PST 2020,2,2,27
Wed Jan 08 03:30:00 PST 2020,2,3,39
Wed Jan 08 03:30:00 PST 2020,3,1,0
Wed Jan 08 03:30:00 PST 2020,3,2,27
Wed Jan 08 03:30:00 PST 2020,3,3,#NA#
Wed Jan 08 03:30:00 PST 2020,4,1,83
Wed Jan 08 03:30:00 PST 2020,4,2,27
Wed Jan 08 03:30:00 PST 2020,4,3,#ERROR#
Wed Jan 08 03:45:00 PST 2020,1,1,58
Wed Jan 08 03:45:00 PST 2020,1,2,27
Wed Jan 08 03:45:00 PST 2020,1,3,74
Wed Jan 08 03:45:00 PST 2020,2,1,14
Wed Jan 08 03:45:00 PST 2020,2,2,27
Wed Jan 08 03:45:00 PST 2020,2,3,36
Wed Jan 08 03:45:00 PST 2020,3,1,27
Wed Jan 08 03:45:00 PST 2020,3,2,27
Wed Jan 08 03:45:00 PST 2020,3,3,51
Wed Jan 08 03:45:00 PST 2020,4,1,96
Wed Jan 08 03:45:00 PST 2020,4,2,27
Wed Jan 08 03:45:00 PST 2020,4,3,55
Wed Jan 08 04:00:00 PST 2020,1,1,64
Wed Jan 08 04:00:00 PST 2020,1,2,#NA#
Wed Jan 08 04:00:00 PST 2020,1,3,95
Wed Jan 08 04:00:00 PST 2020,2,1,#NA#
Wed Jan 08 04:00:00 PST 2020,2,2,27
Wed Jan 08 04:00:00 PST 2020,2,3,78
Wed Jan 08 04:00:00 PST 2020,3,1,68
Wed Jan 08 04:00:00 PST 2020,3,2,27
Wed Jan 08 04:00:00 PST 2020,3,3,61
Wed Jan 08 04:00:00 PST 2020,4,1,60
Wed Jan 08 04:00:00 PST 2020,4,2,27
Wed Jan 08 04:00:00 PST 2020,4,3,89
Wed Jan 08 04:15:00 PST 2020,1,1,55
Wed Jan 08 04:15:00 PST 2020,1,2,27
Wed Jan 08 04:15:00 PST 2020,1,3,46
Wed Jan 08 04:15:00 PST 2020,2,1,79
Wed Jan 08 04:15:00 PST 2020,2,2,27
Wed Jan 08 04:15:00 PST 2020,2,3,75
Wed Jan 08 04:15:00 PST 2020,3,1,22
Wed Jan 08 04:15:00 PST 2020,3,2,27
Wed Jan 08 04:15:00 PST 2020,3,3,29
Wed Jan 08 04:15:00 PST 2020,4,1,188
Wed Jan 08 04:15:00 PST 2020,4,2,27
Wed Jan 08 04:15:00 PST 2020,4,3,28
Wed Jan 08 04:30:00 PST 2020,1,1,84
Wed Jan 08 04:30:00 PST 2020,1,2,#ERROR#
Wed Jan 08 04:30:00 PST 2020,1,3,56
Wed Jan 08 04:30:00 PST 2020,2,1,64
Wed Jan 08 04:30:00 PST 2020,2,2,28
Wed Jan 08 04:30:00 PST 2020,2,3,#NA#
Wed Jan 08 04:30:00 PST 2020,3,1,7
Wed Jan 08 04:30:00 PST 2020,3,2,28
Wed Jan 08 04:30:00 PST 2020,3,3,24
Wed Jan 08 04:30:00 PST 2020,4,1,56
Wed Jan 08 04:30:00 PST 2020,4,2,28
Wed Jan 08 04:30:00 PST 2020,4,3,21
Wed Jan 08 04:45:00 PST 2020,1,1,64
Wed Jan 08 04:45:00 PST 2020,1,2,28
Wed Jan 08 04:45:00 PST 2020,1,3,43
Wed Jan 08 04:45:00 PST 2020,2,1,19
Wed Jan 08 04:45:00 PST 2020,2,2,28
Wed Jan 08 04:45:00 PST 2020,2,3,6
Wed Jan 08 04:45:00 PST 2020,3,1,3
Wed Jan 08 04:45:00 PST 2020,3,2,28
Wed Jan 08 04:45:00 PST 2020,3,3,39
Wed Jan 08 04:45:00 PST 2020,4,1,72
Wed Jan 08 04:45:00 PST 2020,4,2,28
Wed Jan 08 04:45:00 PST 2020,4,3,2
Wed Jan 08 05:00:00 PST 2020,1,1,77
Wed Jan 08 05:00:00 PST 2020,1,2,28
Wed Jan 08 05:00:00 PST 2020,1,3,42
Wed Jan 08 05:00:00 PST 2020,2,1,71
Wed Jan 08 05:00:00 PST 2020,2,2,28
Wed Jan 08 05:00:00 PST 2020,2,3,99
Wed Jan 08 05:00:00 PST 2020,3,1,29
Wed Jan 08 05:00:00 PST 2020,3,2,#ERROR#
Wed Jan 08 05:00:00 PST 2020,3,3,13
Wed Jan 08 05:00:00 PST 2020,4,1,83
Wed Jan 08 05:00:00 PST 2020,4,2,28
Wed Jan 08 05:00:00 PST 2020,4,3,90
Wed Jan 08 05:15:00 PST 2020,1,1,2
Wed Jan 08 05:15:00 PST 2020,1,2,28
Wed Jan 08 05:15:00 PST 2020,1,3,74
Wed Jan 08 05:15:00 PST 2020,2,1,90
Wed Jan 08 05:15:00 PST 2020,2,2,28
Wed Jan 08 05:15:00 PST 2020,2,3,84
Wed Jan 08 05:15:00 PST 2020,3,1,85
Wed Jan 08 05:15:00 PST 2020,3,2,28
Wed Jan 08 05:15:00 PST 2020,3,3,83
Wed Jan 08 05:15:00 PST 2020,4,1,43
Wed Jan 08 05:15:00 PST 2020,4,2,28
Wed Jan 08 05:15:00 PST 2020,4,3,94
Wed Jan 08 05:30:00 PST 2020,1,1,78
Wed Jan 08 05:30:00 PST 2020,1,2,28
Wed Jan 08 05:30:00 PST 2020,1,3,92
Wed Jan 08 05:30:00 PST 2020,2,1,53
Wed Jan 08 05:30:00 PST 2020,2,2,28
Wed Jan 08 05:30:00 PST 2020,2,3,4
Wed Jan 08 05:30:00 PST 2020,3,1,12
Wed Jan 08 05:30:00 PST 2020,3,2,28
Wed Jan 08 05:30:00 PST 2020,3,3,84
Wed Jan 08 05:30:00 PST 2020,4,1,72
Wed Jan 08 05:30:00 PST 2020,4,2,28
Wed Jan 08 05:30:00 PST 2020,4,3,29
Wed Jan 08 05:45:00 PST 2020,1,1,13
Wed Jan 08 05:45:00 PST 2020,1,2,29
Wed Jan 08 05:45:00 PST 2020,1,3,80
Wed Jan 08 05:45:00 PST 2020,2,1,81
Wed Jan 08 05:45:00 PST 2020,2,2,29
Wed Jan 08 05:45:00 PST 2020,2,3,65
Wed Jan 08 05:45:00 PST 2020,3,1,34
Wed Jan 08 05:45:00 PST 2020,3,2,29
Wed Jan 08 05:45:00 PST 2020,3,3,-65
Wed Jan 08 05:45:00 PST 2020,4,1,43
Wed Jan 08 05:45:00 PST 2020,4,2,29
Wed Jan 08 05:45:00 PST 2020,4,3,37
Wed Jan 08 06:00:00 PST 2020,1,1,75
Wed Jan 08 06:00:00 PST 2020,1,2,29
Wed Jan 08 06:00:00 PST 2020,1,3,21
Wed Jan 08 06:00:00 PST 2020,2,1,13
Wed Jan 08 06:00:00 PST 2020,2,2,29
Wed Jan 08 06:00:00 PST 2020,2,3,71
Wed Jan 08 06:00:00 PST 2020,3,1,32
Wed Jan 08 06:00:00 PST 2020,3,2,29
Wed Jan 08 06:00:00 PST 2020,3,3,37
Wed Jan 08 06:00:00 PST 2020,4,1,69
Wed Jan 08 06:00:00 PST 2020,4,2,29
Wed Jan 08 06:00:00 PST 2020,4,3,85
Wed Jan 08 06:15:00 PST 2020,1,1,88
Wed Jan 08 06:15:00 PST 2020,1,2,29
Wed Jan 08 06:15:00 PST 2020,1,3,-20
Wed Jan 08 06:15:00 PST 2020,2,1,2
Wed Jan 08 06:15:00 PST 2020,2,2,29
Wed Jan 08 06:15:00 PST 2020,2,3,10
Wed Jan 08 06:15:00 PST 2020,3,1,104
Wed Jan 08 06:15:00 PST 2020,3,2,29
Wed Jan 08 06:15:00 PST 2020,3,3,70
Wed Jan 08 06:15:00 PST 2020,4,1,84
Wed Jan 08 06:15:00 PST 2020,4,2,29
Wed Jan 08 06:15:00 PST 2020,4,3,8
Wed Jan 08 06:30:00 PST 2020,1,1,-75
Wed Jan 08 06:30:00 PST 2020,1,2,#NA#
Wed Jan 08 06:30:00 PST 2020,1,3,83
Wed Jan 08 06:30:00 PST 2020,2,1,41
Wed Jan 08 06:30:00 PST 2020,2,2,29
Wed Jan 08 06:30:00 PST 2020,2,3,72
Wed Jan 08 06:30:00 PST 2020,3,1,60
Wed Jan 08 06:30:00 PST 2020,3,2,29
Wed Jan 08 06:30:00 PST 2020,3,3,73
Wed Jan 08 06:30:00 PST 2020,4,1,89
Wed Jan 08 06:30:00 PST 2020,4,2,29
Wed Jan 08 06:30:00 PST 2020,4,3,37
Wed Jan 08 06:45:00 PST 2020,1,1,13
Wed Jan 08 06:45:00 PST 2020,1,2,29
Wed Jan 08 06:45:00 PST 2020,1,3,66
Wed Jan 08 06:45:00 PST 2020,2,1,27
Wed Jan 08 06:45:00 PST 2020,2,2,29
Wed Jan 08 06:45:00 PST 2020,2,3,42
Wed Jan 08 06:45:00 PST 2020,3,1,58
Wed Jan 08 06:45:00 PST 2020,3,2,112
Wed Jan 08 06:45:00 PST 2020,3,3,6
Wed Jan 08 06:45:00 PST 2020,4,1,18
Wed Jan 08 06:45:00 PST 2020,4,2,29
Wed Jan 08 06:45:00 PST 2020,4,3,87
Wed Jan 08 07:00:00 PST 2020,1,1,58
Wed Jan 08 07:00:00 PST 2020,1,2,30
Wed Jan 08 07:00:00 PST 2020,1,3,94
Wed Jan 08 07:00:00 PST 2020,2,1,74
Wed Jan 08 07:00:00 PST 2020,2,2,30
Wed Jan 08 07:00:00 PST 2020,2,3,71
Wed Jan 08 07:00:00 PST 2020,3,1,90
Wed Jan 08 07:00:00 PST 2020,3,2,-42
Wed Jan 08 07:00:00 PST 2020,3,3,80
Wed Jan 08 07:00:00 PST 2020,4,1,88
Wed Jan 08 07:00:00 PST 2020,4,2,136
Wed Jan 08 07:00:00 PST 2020,4,3,2
Wed Jan 08 07:15:00 PST 2020,1,1,41
Wed Jan 08 07:15:00 PST 2020,1,2,30
Wed Jan 08 07:15:00 PST 2020,1,3,42
Wed Jan 08 07:15:00 PST 2020,2,1,10
Wed Jan 08 07:15:00 PST 2020,2,2,30
Wed Jan 08 07:15:00 PST 2020,2,3,58
Wed Jan 08 07:15:00 PST 2020,3,1,0
Wed Jan 08 07:15:00 PST 2020,3,2,30
Wed Jan 08 07:15:00 PST 2020,3,3,96
Wed Jan 08 07:15:00 PST 2020,4,1,2
Wed Jan 08 07:15:00 PST 2020,4,2,30
Wed Jan 08 07:15:00 PST 2020,4,3,98
Wed Jan 08 07:30:00 PST 2020,1,1,49
Wed Jan 08 07:30:00 PST 2020,1,2,30
Wed Jan 08 07:30:00 PST 2020,1,3,48
Wed Jan 08 07:30:00 PST 2020,2,1,66
Wed Jan 08 07:30:00 PST 2020,2,2,30
Wed Jan 08 07:30:00 PST 2020,2,3,9
Wed Jan 08 07:30:00 PST 2020,3,1,97
Wed Jan 08 07:30:00 PST 2020,3,2,30
Wed Jan 08 07:30:00 PST 2020,3,3,42
Wed Jan 08 07:30:00 PST 2020,4,1,95
Wed Jan 08 07:30:00 PST 2020,4,2,30
Wed Jan 08 07:30:00 PST 2020,4,3,36
Wed Jan 08 07:45:00 PST 2020,1,1,28
Wed Jan 08 07:45:00 PST 2020,1,2,30
Wed Jan 08 07:45:00 PST 2020,1,3,94
Wed Jan 08 07:45:00 PST 2020,2,1,25
Wed Jan 08 07:45:00 PST 2020,2,2,30
Wed Jan 08 07:45:00 PST 2020,2,3,13
Wed Jan 08 07:45:00 PST 2020,3,1,82
Wed Jan 08 07:45:00 PST 2020,3,2,30
Wed Jan 08 07:45:00 PST 2020,3,3,#NA#
Wed Jan 08 07:45:00 PST 2020,4,1,3
Wed Jan 08 07:45:00 PST 2020,4,2,30
Wed Jan 08 07:45:00 PST 2020,4,3,22
Wed Jan 08 08:00:00 PST 2020,1,1,70
Wed Jan 08 08:00:00 PST 2020,1,2,30
Wed Jan 08 08:00:00 PST 2020,1,3,21
Wed Jan 08 08:00:00 PST 2020,2,1,49
Wed Jan 08 08:00:00 PST 2020,2,2,30
Wed Jan 08 08:00:00 PST 2020,2,3,75
Wed Jan 08 08:00:00 PST 2020,3,1,#NA#
Wed Jan 08 08:00:00 PST 2020,3,2,30
Wed Jan 08 08:00:00 PST 2020,3,3,26
Wed Jan 08 08:00:00 PST 2020,4,1,90
Wed Jan 08 08:00:00 PST 2020,4,2,30
Wed Jan 08 08:00:00 PST 2020,4,3,81
Wed Jan 08 08:15:00 PST 2020,1,1,42
Wed Jan 08 08:15:00 PST 2020,1,2,31
Wed Jan 08 08:15:00 PST 2020,1,3,24
Wed Jan 08 08:15:00 PST 2020,2,1,36
Wed Jan 08 08:15:00 PST 2020,2,2,31
Wed Jan 08 08:15:00 PST 2020,2,3,17
Wed Jan 08 08:15:00 PST 2020,3,1,11
Wed Jan 08 08:15:00 PST 2020,3,2,31
Wed Jan 08 08:15:00 PST 2020,3,3,84
Wed Jan 08 08:15:00 PST 2020,4,1,85
Wed Jan 08 08:15:00 PST 2020,4,2,31
Wed Jan 08 08:15:00 PST 2020,4,3,91
Wed Jan 08 08:30:00 PST 2020,1,1,23
Wed Jan 08 08:30:00 PST 2020,1,2,31
Wed Jan 08 08:30:00 PST 2020,1,3,92
Wed Jan 08 08:30:00 PST 2020,2,1,38
Wed Jan 08 08:30:00 PST 2020,2,2,31
Wed Jan 08 08:30:00 PST 2020,2,3,95
Wed Jan 08 08:30:00 PST 2020,3,1,22
Wed Jan 08 08:30:00 PST 2020,3,2,31
Wed Jan 08 08:30:00 PST 2020,3,3,81
Wed Jan 08 08:30:00 PST 2020,4,1,19
Wed Jan 08 08:30:00 PST 2020,4,2,31
Wed Jan 08 08:30:00 PST 2020,4,3,56
Wed Jan 08 08:45:00 PST 2020,1,1,80
Wed Jan 08 08:45:00 PST 2020,1,2,31
Wed Jan 08 08:45:00 PST 2020,1,3,65
Wed Jan 08 08:45:00 PST 2020,2,1,#ERROR#
Wed Jan 08 08:45:00 PST 2020,2,2,31
Wed Jan 08 08:45:00 PST 2020,2,3,85
Wed Jan 08 08:45:00 PST 2020,3,1,#NA#
Wed Jan 08 08:45:00 PST 2020,3,2,31
Wed Jan 08 08:45:00 PST 2020,3,3,64
Wed Jan 08 08:45:00 PST 2020,4,1,52
Wed Jan 08 08:45:00 PST 2020,4,2,153
Wed Jan 08 08:45:00 PST 2020,4,3,46
Wed Jan 08 09:00:00 PST 2020,1,1,9
Wed Jan 08 09:00:00 PST 2020,1,2,31
Wed Jan 08 09:00:00 PST 2020,1,3,74
Wed Jan 08 09:00:00 PST 2020,2,1,60
Wed Jan 08 09:00:00 PST 2020,2,2,#ERROR#
Wed Jan 08 09:00:00 PST 2020,2,3,27
Wed Jan 08 09:00:00 PST 2020,3,1,#ERROR#
Wed Jan 08 09:00:00 PST 2020,3,2,31
Wed Jan 08 09:00:00 PST 2020,3,3,15
Wed Jan 08 09:00:00 PST 2020,4,1,59
Wed Jan 08 09:00:00 PST 2020,4,2,31
Wed Jan 08 09:00:00 PST 2020,4,3,70
Wed Jan 08 09:15:00 PST 2020,1,1,11
Wed Jan 08 09:15:00 PST 2020,1,2,31
Wed Jan 08 09:15:00 PST 2020,1,3,31
Wed Jan 08 09:15:00 PST 2020,2,1,1
Wed Jan 08 09:15:00 PST 2020,2,2,31
Wed Jan 08 09:15:00 PST 2020,2,3,64
Wed Jan 08 09:15:00 PST 2020,3,1,24
Wed Jan 08 09:15:00 PST 2020,3,2,31
Wed Jan 08 09:15:00 PST 2020,3,3,#ERROR#
Wed Jan 08 09:15:00 PST 2020,4,1,26
Wed Jan 08 09:15:00 PST 2020,4,2,31
Wed Jan 08 09:15:00 PST 2020,4,3,91
Wed Jan 08 09:30:00 PST 2020,1,1,40
Wed Jan 08 09:30:00 PST 2020,1,2,32
Wed Jan 08 09:30:00 PST 2020,1,3,91
Wed Jan 08 09:30:00 PST 2020,2,1,-91
Wed Jan 08 09:30:00 PST 2020,2,2,32
Wed Jan 08 09:30:00 PST 2020,2,3,91
Wed Jan 08 09:30:00 PST 2020,3,1,8
Wed Jan 08 09:30:00 PST 2020,3,2,32
Wed Jan 08 09:30:00 PST 2020,3,3,#NA#
Wed Jan 08 09:30:00 PST 2020,4,1,46
Wed Jan 08 09:30:00 PST 2020,4,2,-99
Wed Jan 08 09:30:00 PST 2020,4,3,65
Wed Jan 08 09:45:00 PST 2020,1,1,80
Wed Jan 08 09:45:00 PST 2020,1,2,32
Wed Jan 08 09:45:00 PST 2020,1,3,95
Wed Jan 08 09:45:00 PST 2020,2,1,-45
Wed Jan 08 09:45:00 PST 2020,2,2,32
Wed Jan 08 09:45:00 PST 2020,2,3,17
Wed Jan 08 09:45:00 PST 2020,3,1,65
Wed Jan 08 09:45:00 PST 2020,3,2,-63
Wed Jan 08 09:45:00 PST 2020,3,3,42
Wed Jan 08 09:45:00 PST 2020,4,1,96
Wed Jan 08 09:45:00 PST 2020,4,2,32
Wed Jan 08 09:45:00 PST 2020,4,3,21
Wed Jan 08 10:00:00 PST 2020,1,1,#NA#
Wed Jan 08 10:00:00 PST 2020,1,2,32
Wed Jan 08 10:00:00 PST 2020,1,3,43
Wed Jan 08 10:00:00 PST 2020,2,1,57
Wed Jan 08 10:00:00 PST 2020,2,2,32
Wed Jan 08 10:00:00 PST 2020,2,3,87
Wed Jan 08 10:00:00 PST 2020,3,1,58
Wed Jan 08 10:00:00 PST 2020,3,2,32
Wed Jan 08 10:00:00 PST 2020,3,3,17
Wed Jan 08 10:00:00 PST 2020,4,1,-35
Wed Jan 08 10:00:00 PST 2020,4,2,32
Wed Jan 08 10:00:00 PST 2020,4,3,6
Wed Jan 08 10:15:00 PST 2020,1,1,57
Wed Jan 08 10:15:00 PST 2020,1,2,32
Wed Jan 08 10:15:00 PST 2020,1,3,25
Wed Jan 08 10:15:00 PST 2020,2,1,40
Wed Jan 08 10:15:00 PST 2020,2,2,32
Wed Jan 08 10:15:00 PST 2020,2,3,110
Wed Jan 08 10:15:00 PST 2020,3,1,181
Wed Jan 08 10:15:00 PST 2020,3,2,32
Wed Jan 08 10:15:00 PST 2020,3,3,71
Wed Jan 08 10:15:00 PST 2020,4,1,-73
Wed Jan 08 10:15:00 PST 2020,4,2,32
Wed Jan 08 10:15:00 PST 2020,4,3,67
Wed Jan 08 10:30:00 PST 2020,1,1,4
Wed Jan 08 10:30:00 PST 2020,1,2,32
Wed Jan 08 10:30:00 PST 2020,1,3,11
Wed Jan 08 10:30:00 PST 2020,2,1,-38
Wed Jan 08 10:30:00 PST 2020,2,2,32
Wed Jan 08 10:30:00 PST 2020,2,3,45
Wed Jan 08 10:30:00 PST 2020,3,1,74
Wed Jan 08 10:30:00 PST 2020,3,2,32
Wed Jan 08 10:30:00 PST 2020,3,3,15
Wed Jan 08 10:30:00 PST 2020,4,1,85
Wed Jan 08 10:30:00 PST 2020,4,2,32
Wed Jan 08 10:30:00 PST 2020,4,3,28
Wed Jan 08 10:45:00 PST 2020,1,1,63
Wed Jan 08 10:45:00 PST 2020,1,2,33
Wed Jan 08 10:45:00 PST 2020,1,3,158
Wed Jan 08 10:45:00 PST 2020,2,1,16
Wed Jan 08 10:45:00 PST 2020,2,2,33
Wed Jan 08 10:45:00 PST 2020,2,3,13
Wed Jan 08 10:45:00 PST 2020,3,1,63
Wed Jan 08 10:45:00 PST 2020,3,2,33
Wed Jan 08 10:45:00 PST 2020,3,3,0
Wed Jan 08 10:45:00 PST 2020,4,1,115
Wed Jan 08 10:45:00 PST 2020,4,2,33
Wed Jan 08 10:45:00 PST 2020,4,3,#ERROR#
Wed Jan 08 11:00:00 PST 2020,1,1,43
Wed Jan 08 11:00:00 PST 2020,1,2,33
Wed Jan 08 11:00:00 PST 2020,1,3,79
Wed Jan 08 11:00:00 PST 2020,2,1,73
Wed Jan 08 11:00:00 PST 2020,2,2,33
Wed Jan 08 11:00:00 PST 2020,2,3,94
Wed Jan 08 11:00:00 PST 2020,3,1,11
Wed Jan 08 11:00:00 PST 2020,3,2,33
Wed Jan 08 11:00:00 PST 2020,3,3,95
Wed Jan 08 11:00:00 PST 2020,4,1,36
Wed Jan 08 11:00:00 PST 2020,4,2,33
Wed Jan 08 11:00:00 PST 2020,4,3,0
Wed Jan 08 11:15:00 PST 2020,1,1,82
Wed Jan 08 11:15:00 PST 2020,1,2,33
Wed Jan 08 11:15:00 PST 2020,1,3,60
Wed Jan 08 11:15:00 PST 2020,2,1,29
Wed Jan 08 11:15:00 PST 2020,2,2,33
Wed Jan 08 11:15:00 PST 2020,2,3,4
Wed Jan 08 11:15:00 PST 2020,3,1,21
Wed Jan 08 11:15:00 PST 2020,3,2,33
Wed Jan 08 11:15:00 PST 2020,3,3,22
Wed Jan 08 11:15:00 PST 2020,4,1,3
Wed Jan 08 11:15:00 PST 2020,4,2,33
Wed Jan 08 11:15:00 PST 2020,4,3,100
Wed Jan 08 11:30:00 PST 2020,1,1,49
Wed Jan 08 11:30:00 PST 2020,1,2,33
Wed Jan 08 11:30:00 PST 2020,1,3,68
Wed Jan 08 11:30:00 PST 2020,2,1,11
Wed Jan 08 11:30:00 PST 2020,2,2,33
Wed Jan 08 11:30:00 PST 2020,2,3,80
Wed Jan 08 11:30:00 PST 2020,3,1,44
Wed Jan 08 11:30:00 PST 2020,3,2,33
Wed Jan 08 11:30:00 PST 2020,3,3,54
Wed Jan 08 11:30:00 PST 2020,4,1,75
Wed Jan 08 11:30:00 PST 2020,4,2,33
Wed Jan 08 11:30:00 PST 2020,4,3,10
Wed Jan 08 11:45:00 PST 2020,1,1,19
Wed Jan 08 11:45:00 PST 2020,1,2,33
Wed Jan 08 11:45:00 PST 2020,1,3,72
Wed Jan 08 11:45:00 PST 2020,2,1,12
Wed Jan 08 11:45:00 PST 2020,2,2,33
Wed Jan 08 11:45:00 PST 2020,2,3,43
Wed Jan 08 11:45:00 PST 2020,3,1,72
Wed Jan 08 11:45:00 PST 2020,3,2,33
Wed Jan 08 11:45:00 PST 2020,3,3,84
Wed Jan 08 11:45:00 PST 2020,4,1,55
Wed Jan 08 11:45:00 PST 2020,4,2,33
Wed Jan 08 11:45:00 PST 2020,4,3,58
Wed Jan 08 12:00:00 PST 2020,1,1,9
Wed Jan 08 12:00:00 PST 2020,1,2,34
Wed Jan 08 12:00:00 PST 2020,1,3,73
Wed Jan 08 12:00:00 PST 2020,2,1,37
Wed Jan 08 12:00:00 PST 2020,2,2,34
Wed Jan 08 12:00:00 PST 2020,2,3,59
Wed Jan 08 12:00:00 PST 2020,3,1,4
Wed Jan 08 12:00:00 PST 2020,3,2,34
Wed Jan 08 12:00:00 PST 2020,3,3,88
Wed Jan 08 12:00:00 PST 2020,4,1,93
Wed Jan 08 12:00:00 PST 2020,4,2,34
Wed Jan 08 12:00:00 PST 2020,4,3,15
Wed Jan 08 12:15:00 PST 2020,1,1,99
Wed Jan 08 12:15:00 PST 2020,1,2,34
Wed Jan 08 12:15:00 PST 2020,1,3,100
Wed Jan 08 12:15:00 PST 2020,2,1,57
Wed Jan 08 12:15:00 PST 2020,2,2,#ERROR#
Wed Jan 08 12:15:00 PST 2020,2,3,26
Wed Jan 08 12:15:00 PST 2020,3,1,5
Wed Jan 08 12:15:00 PST 2020,3,2,34
Wed Jan 08 12:15:00 PST 2020,3,3,6
Wed Jan 08 12:15:00 PST 2020,4,1,94
Wed Jan 08 12:15:00 PST 2020,4,2,34
Wed Jan 08 12:15:00 PST 2020,4,3,34
Wed Jan 08 12:30:00 PST 2020,1,1,33
Wed Jan 08 12:30:00 PST 2020,1,2,34
Wed Jan 08 12:30:00 PST 2020,1,3,83
Wed Jan 08 12:30:00 PST 2020,2,1,34
Wed Jan 08 12:30:00 PST 2020,2,2,34
Wed Jan 08 12:30:00 PST 2020,2,3,34
Wed Jan 08 12:30:00 PST 2020,3,1,24
Wed Jan 08 12:30:00 PST 2020,3,2,34
Wed Jan 08 12:30:00 PST 2020,3,3,78
Wed Jan 08 12:30:00 PST 2020,4,1,94
Wed Jan 08 12:30:00 PST 2020,4,2,#ERROR#
Wed Jan 08 12:30:00 PST 2020,4,3,93
Wed Jan 08 12:45:00 PST 2020,1,1,51
Wed Jan 08 12:45:00 PST 2020,1,2,34
Wed Jan 08 12:45:00 PST 2020,1,3,#NA#
Wed Jan 08 12:45:00 PST 2020,2,1,15
Wed Jan 08 12:45:00 PST 2020,2,2,34
Wed Jan 08 12:45:00 PST 2020,2,3,23
Wed Jan 08 12:45:00 PST 2020,3,1,16
Wed Jan 08 12:45:00 PST 2020,3,2,34
Wed Jan 08 12:45:00 PST 2020,3,3,42
Wed Jan 08 12:45:00 PST 2020,4,1,#NA#
Wed Jan 08 12:45:00 PST 2020,4,2,34
Wed Jan 08 12:45:00 PST 2020,4,3,159
Wed Jan 08 13:00:00 PST 2020,1,1,189
Wed Jan 08 13:00:00 PST 2020,1,2,34
Wed Jan 08 13:00:00 PST 2020,1,3,14
Wed Jan 08 13:00:00 PST 2020,2,1,51
Wed Jan 08 13:00:00 PST 2020,2,2,34
Wed Jan 08 13:00:00 PST 2020,2,3,46
Wed Jan 08 13:00:00 PST 2020,3,1,42
Wed Jan 08 13:00:00 PST 2020,3,2,34
Wed Jan 08 13:00:00 PST 2020,3,3,41
Wed Jan 08 13:00:00 PST 2020,4,1,64
Wed Jan 08 13:00:00 PST 2020,4,2,34
Wed Jan 08 13:00:00 PST 2020,4,3,#ERROR#
Wed Jan 08 13:15:00 PST 2020,1,1,13
Wed Jan 08 13:15:00 PST 2020,1,2,35
Wed Jan 08 13:15:00 PST 2020,1,3,54
Wed Jan 08 13:15:00 PST 2020,2,1,97
Wed Jan 08 13:15:00 PST 2020,2,2,35
Wed Jan 08 13:15:00 PST 2020,2,3,57
Wed Jan 08 13:15:00 PST 2020,3,1,5
Wed Jan 08 13:15:00 PST 2020,3,2,35
Wed Jan 08 13:15:00 PST 2020,3,3,97
Wed Jan 08 13:15:00 PST 2020,4,1,13
Wed Jan 08 13:15:00 PST 2020,4,2,35
Wed Jan 08 13:15:00 PST 2020,4,3,31
Wed Jan 08 13:30:00 PST 2020,1,1,10
Wed Jan 08 13:30:00 PST 2020,1,2,35
Wed Jan 08 13:30:00 PST 2020,1,3,20
Wed Jan 08 13:30:00 PST 2020,2,1,74
Wed Jan 08 13:30:00 PST 2020,2,2,35
Wed Jan 08 13:30:00 PST 2020,2,3,17
Wed Jan 08 13:30:00 PST 2020,3,1,26
Wed Jan 08 13:30:00 PST 2020,3,2,35
Wed Jan 08 13:30:00 PST 2020,3,3,16
Wed Jan 08 13:30:00 PST 2020,4,1,7
Wed Jan 08 13:30:00 PST 2020,4,2,35
Wed Jan 08 13:30:00 PST 2020,4,3,87
Wed Jan 08 13:45:00 PST 2020,1,1,100
Wed Jan 08 13:45:00 PST 2020,1,2,35
Wed Jan 08 13:45:00 PST 2020,1,3,99
Wed Jan 08 13:45:00 PST 2020,2,1,9
Wed Jan 08 13:45:00 PST 2020,2,2,35
Wed Jan 08 13:45:00 PST 2020,2,3,68
Wed Jan 08 13:45:00 PST 2020,3,1,103
Wed Jan 08 13:45:00 PST 2020,3,2,35
Wed Jan 08 13:45:00 PST 2020,3,3,58
Wed Jan 08 13:45:00 PST 2020,4,1,69
Wed Jan 08 13:45:00 PST 2020,4,2,35
Wed Jan 08 13:45:00 PST 2020,4,3,21
Wed Jan 08 14:00:00 PST 2020,1,1,60
Wed Jan 08 14:00:00 PST 2020,1,2,35
Wed Jan 08 14:00:00 PST 2020,1,3,41
Wed Jan 08 14:00:00 PST 2020,2,1,94
Wed Jan 08 14:00:00 PST 2020,2,2,35
Wed Jan 08 14:00:00 PST 2020,2,3,55
Wed Jan 08 14:00:00 PST 2020,3,1,#NA#
Wed Jan 08 14:00:00 PST 2020,3,2,35
Wed Jan 08 14:00:00 PST 2020,3,3,38
Wed Jan 08 14:00:00 PST 2020,4,1,81
Wed Jan 08 14:00:00 PST 2020,4,2,35
Wed Jan 08 14:00:00 PST 2020,4,3,71
Wed Jan 08 14:15:00 PST 2020,1,1,43
Wed Jan 08 14:15:00 PST 2020,1,2,35
Wed Jan 08 14:15:00 PST 2020,1,3,-91
Wed Jan 08 14:15:00 PST 2020,2,1,77
Wed Jan 08 14:15:00 PST 2020,2,2,35
Wed Jan 08 14:15:00 PST 2020,2,3,96
Wed Jan 08 14:15:00 PST 2020,3,1,177
Wed Jan 08 14:15:00 PST 2020,3,2,35
Wed Jan 08 14:15:00 PST 2020,3,3,47
Wed Jan 08 14:15:00 PST 2020,4,1,40
Wed Jan 08 14:15:00 PST 2020,4,2,35
Wed Jan 08 14:15:00 PST 2020,4,3,86
Wed Jan 08 14:30:00 PST 2020,1,1,90
Wed Jan 08 14:30:00 PST 2020,1,2,36
Wed Jan 08 14:30:00 PST 2020,1,3,82
Wed Jan 08 14:30:00 PST 2020,2,1,54
Wed Jan 08 14:30:00 PST 2020,2,2,36
Wed Jan 08 14:30:00 PST 2020,2,3,13
Wed Jan 08 14:30:00 PST 2020,3,1,60
Wed Jan 08 14:30:00 PST 2020,3,2,36
Wed Jan 08 14:30:00 PST 2020,3,3,86
Wed Jan 08 14:30:00 PST 2020,4,1,11
Wed Jan 08 14:30:00 PST 2020,4,2,36
Wed Jan 08 14:30:00 PST 2020,4,3,75
Wed Jan 08 14:45:00 PST 2020,1,1,#ERROR#
Wed Jan 08 14:45:00 PST 2020,1,2,36
Wed Jan 08 14:45:00 PST 2020,1,3,78
Wed Jan 08 14:45:00 PST 2020,2,1,51
Wed Jan 08 14:45:00 PST 2020,2,2,139
Wed Jan 08 14:45:00 PST 2020,2,3,97
Wed Jan 08 14:45:00 PST 2020,3,1,59
Wed Jan 08 14:45:00 PST 2020,3,2,36
Wed Jan 08 14:45:00 PST 2020,3,3,68
Wed Jan 08 14:45:00 PST 2020,4,1,33
Wed Jan 08 14:45:00 PST 2020,4,2,36
Wed Jan 08 14:45:00 PST 2020,4,3,61
Wed Jan 08 15:00:00 PST 2020,1,1,31
Wed Jan 08 15:00:00 PST 2020,1,2,36
Wed Jan 08 15:00:00 PST 2020,1,3,75
Wed Jan 08 15:00:00 PST 2020,2,1,99
Wed Jan 08 15:00:00 PST 2020,2,2,36
Wed Jan 08 15:00:00 PST 2020,2,3,34
Wed Jan 08 15:00:00 PST 2020,3,1,44
Wed Jan 08 15:00:00 PST 2020,3,2,36
Wed Jan 08 15:00:00 PST 2020,3,3,5
Wed Jan 08 15:00:00 PST 2020,4,1,64
Wed Jan 08 15:00:00 PST 2020,4,2,36
Wed Jan 08 15:00:00 PST 2020,4,3,88
Wed Jan 08 15:15:00 PST 2020,1,1,30
Wed Jan 08 15:15:00 PST 2020,1,2,#ERROR#
Wed Jan 08 15:15:00 PST 2020,1,3,43
Wed Jan 08 15:15:00 PST 2020,2,1,81
Wed Jan 08 15:15:00 PST 2020,2,2,36
Wed Jan 08 15:15:00 PST 2020,2,3,#NA#
Wed Jan 08 15:15:00 PST 2020,3,1,12
Wed Jan 08 15:15:00 PST 2020,3,2,36
Wed Jan 08 15:15:00 PST 2020,3,3,6
Wed Jan 08 15:15:00 PST 2020,4,1,32
Wed Jan 08 15:15:00 PST 2020,4,2,36
Wed Jan 08 15:15:00 PST 2020,4,3,64
Wed Jan 08 15:30:00 PST 2020,1,1,66
Wed Jan 08 15:30:00 PST 2020,1,2,36
Wed Jan 08 15:30:00 PST 2020,1,3,15
Wed Jan 08 15:30:00 PST 2020,2,1,76
Wed Jan 08 15:30:00 PST 2020,2,2,36
Wed Jan 08 15:30:00 PST 2020,2,3,89
Wed Jan 08 15:30:00 PST 2020,3,1,63
Wed Jan 08 15:30:00 PST 2020,3,2,36
Wed Jan 08 15:30:00 PST 2020,3,3,52
Wed Jan 08 15:30:00 PST 2020,4,1,#NA#
Wed Jan 08 15:30:00 PST 2020,4,2,#ERROR#
Wed Jan 08 15:30:00 PST 2020,4,3,27
Wed Jan 08 15:45:00 PST 2020,1,1,43
Wed Jan 08 15:45:00 PST 2020,1,2,37
Wed Jan 08 15:45:00 PST 2020,1,3,61
Wed Jan 08 15:45:00 PST 2020,2,1,78
Wed Jan 08 15:45:00 PST 2020,2,2,37
Wed Jan 08 15:45:00 PST 2020,2,3,82
Wed Jan 08 15:45:00 PST 2020,3,1,89
Wed Jan 08 15:45:00 PST 2020,3,2,37
Wed Jan 08 15:45:00 PST 2020,3,3,#ERROR#
Wed Jan 08 15:45:00 PST 2020,4,1,91
Wed Jan 08 15:45:00 PST 2020,4,2,37
Wed Jan 08 15:45:00 PST 2020,4,3,69
Wed Jan 08 16:00:00 PST 2020,1,1,108
Wed Jan 08 16:00:00 PST 2020,1,2,37
Wed Jan 08 16:00:00 PST 2020,1,3,93
Wed Jan 08 16:00:00 PST 2020,2,1,-89
Wed Jan 08 16:00:00 PST 2020,2,2,37
Wed Jan 08 16:00:00 PST 2020,2,3,18
Wed Jan 08 16:00:00 PST 2020,3,1,34
Wed Jan 08 16:00:00 PST 2020,3,2,37
Wed Jan 08 16:00:00 PST 2020,3,3,42
Wed Jan 08 16:00:00 PST 2020,4,1,57
Wed Jan 08 16:00:00 PST 2020,4,2,37
Wed Jan 08 16:00:00 PST 2020,4,3,89
Wed Jan 08 16:15:00 PST 2020,1,1,39
Wed Jan 08 16:15:00 PST 2020,1,2,37
Wed Jan 08 16:15:00 PST 2020,1,3,#ERROR#
Wed Jan 08 16:15:00 PST 2020,2,1,9
Wed Jan 08 16:15:00 PST 2020,2,2,37
Wed Jan 08 16:15:00 PST 2020,2,3,14
Wed Jan 08 16:15:00 PST 2020,3,1,39
Wed Jan 08 16:15:00 PST 2020,3,2,37
Wed Jan 08 16:15:00 PST 2020,3,3,12
Wed Jan 08 16:15:00 PST 2020,4,1,92
Wed Jan 08 16:15:00 PST 2020,4,2,-17
Wed Jan 08 16:15:00 PST 2020,4,3,100
Wed Jan 08 16:30:00 PST 2020,1,1,67
Wed Jan 08 16:30:00 PST 2020,1,2,138
Wed Jan 08 16:30:00 PST 2020,1,3,56
Wed Jan 08 16:30:00 PST 2020,2,1,0
Wed Jan 08 16:30:00 PST 2020,2,2,37
Wed Jan 08 16:30:00 PST 2020,2,3,70
Wed Jan 08 16:30:00 PST 2020,3,1,90
Wed Jan 08 16:30:00 PST 2020,3,2,37
Wed Jan 08 16:30:00 PST 2020,3,3,35
Wed Jan 08 16:30:00 PST 2020,4,1,19
Wed Jan 08 16:30:00 PST 2020,4,2,37
Wed Jan 08 16:30:00 PST 2020,4,3,86
Wed Jan 08 16:45:00 PST 2020,1,1,29
Wed Jan 08 16:45:00 PST 2020,1,2,37
Wed Jan 08 16:45:00 PST 2020,1,3,20
Wed Jan 08 16:45:00 PST 2020,2,1,53
Wed Jan 08 16:45:00 PST 2020,2,2,189
Wed Jan 08 16:45:00 PST 2020,2,3,37
Wed Jan 08 16:45:00 PST 2020,3,1,11
Wed Jan 08 16:45:00 PST 2020,3,2,37
Wed Jan 08 16:45:00 PST 2020,3,3,48
Wed Jan 08 16:45:00 PST 2020,4,1,3
Wed Jan 08 16:45:00 PST 2020,4,2,37
Wed Jan 08 16:45:00 PST 2020,4,3,45
Wed Jan 08 17:00:00 PST 2020,1,1,45
Wed Jan 08 17:00:00 PST 2020,1,2,38
Wed Jan 08 17:00:00 PST 2020,1,3,69
Wed Jan 08 17:00:00 PST 2020,2,1,33
Wed Jan 08 17:00:00 PST 2020,2,2,38
Wed Jan 08 17:00:00 PST 2020,2,3,77
Wed Jan 08 17:00:00 PST 2020,3,1,90
Wed Jan 08 17:00:00 PST 2020,3,2,38
Wed Jan 08 17:00:00 PST 2020,3,3,#ERROR#
Wed Jan 08 17:00:00 PST 2020,4,1,95
Wed Jan 08 17:00:00 PST 2020,4,2,38
Wed Jan 08 17:00:00 PST 2020,4,3,45
Wed Jan 08 17:15:00 PST 2020,1,1,93
Wed Jan 08 17:15:00 PST 2020,1,2,38
Wed Jan 08 17:15:00 PST 2020,1,3,25
Wed Jan 08 17:15:00 PST 2020,2,1,52
Wed Jan 08 17:15:00 PST 2020,2,2,38
Wed Jan 08 17:15:00 PST 2020,2,3,38
Wed Jan 08 17:15:00 PST 2020,3,1,#ERROR#
Wed Jan 08 17:15:00 PST 2020,3,2,38
Wed Jan 08 17:15:00 PST 2020,3,3,84
Wed Jan 08 17:15:00 PST 2020,4,1,37
Wed Jan 08 17:15:00 PST 2020,4,2,38
Wed Jan 08 17:15:00 PST 2020,4,3,43
Wed Jan 08 17:30:00 PST 2020,1,1,26
Wed Jan 08 17:30:00 PST 2020,1,2,38
Wed Jan 08 17:30:00 PST 2020,1,3,28
Wed Jan 08 17:30:00 PST 2020,2,1,70
Wed Jan 08 17:30:00 PST 2020,2,2,38
Wed Jan 08 17:30:00 PST 2020,2,3,32
Wed Jan 08 17:30:00 PST 2020,3,1,66
Wed Jan 08 17:30:00 PST 2020,3,2,38
Wed Jan 08 17:30:00 PST 2020,3,3,99
Wed Jan 08 17:30:00 PST 2020,4,1,75
Wed Jan 08 17:30:00 PST 2020,4,2,38
Wed Jan 08 17:30:00 PST 2020,4,3,50
Wed Jan 08 17:45:00 PST 2020,1,1,76
Wed Jan 08 17:45:00 PST 2020,1,2,38
Wed Jan 08 17:45:00 PST 2020,1,3,170
Wed Jan 08 17:45:00 PST 2020,2,1,7
Wed Jan 08 17:45:00 PST 2020,2,2,38
Wed Jan 08 17:45:00 PST 2020,2,3,61
Wed Jan 08 17:45:00 PST 2020,3,1,2
Wed Jan 08 17:45:00 PST 2020,3,2,187
Wed Jan 08 17:45:00 PST 2020,3,3,76
Wed Jan 08 17:45:00 PST 2020,4,1,37
Wed Jan 08 17:45:00 PST 2020,4,2,38
Wed Jan 08 17:45:00 PST 2020,4,3,68
Wed Jan 08 18:00:00 PST 2020,1,1,87
Wed Jan 08 18:00:00 PST 2020,1,2,38
Wed Jan 08 18:00:00 PST 2020,1,3,13
Wed Jan 08 18:00:00 PST 2020,2,1,#ERROR#
Wed Jan 08 18:00:00 PST 2020,2,2,38
Wed Jan 08 18:00:00 PST 2020,2,3,30
Wed Jan 08 18:00:00 PST 2020,3,1,33
Wed Jan 08 18:00:00 PST 2020,3,2,38
Wed Jan 08 18:00:00 PST 2020,3,3,70
Wed Jan 08 18:00:00 PST 2020,4,1,95
Wed Jan 08 18:00:00 PST 2020,4,2,38
Wed Jan 08 18:00:00 PST 2020,4,3,18
Wed Jan 08 18:15:00 PST 2020,1,1,48
Wed Jan 08 18:15:00 PST 2020,1,2,39
Wed Jan 08 18:15:00 PST 2020,1,3,19
Wed Jan 08 18:15:00 PST 2020,2,1,8
Wed Jan 08 18:15:00 PST 2020,2,2,39
Wed Jan 08 18:15:00 PST 2020,2,3,44
Wed Jan 08 18:15:00 PST 2020,3,1,25
Wed Jan 08 18:15:00 PST 2020,3,2,39
Wed Jan 08 18:15:00 PST 2020,3,3,98
Wed Jan 08 18:15:00 PST 2020,4,1,40
Wed Jan 08 18:15:00 PST 2020,4,2,-9
Wed Jan 08 18:15:00 PST 2020,4,3,90
Wed Jan 08 18:30:00 PST 2020,1,1,67
Wed Jan 08 18:30:00 PST 2020,1,2,39
Wed Jan 08 18:30:00 PST 2020,1,3,46
Wed Jan 08 18:30:00 PST 2020,2,1,99
Wed Jan 08 18:30:00 PST 2020,2,2,39
Wed Jan 08 18:30:00 PST 2020,2,3,34
Wed Jan 08 18:30:00 PST 2020,3,1,7
Wed Jan 08 18:30:00 PST 2020,3,2,39
Wed Jan 08 18:30:00 PST 2020,3,3,55
Wed Jan 08 18:30:00 PST 2020,4,1,#NA#
Wed Jan 08 18:30:00 PST 2020,4,2,39
Wed Jan 08 18:30:00 PST 2020,4,3,32
Wed Jan 08 18:45:00 PST 2020,1,1,93
Wed Jan 08 18:45:00 PST 2020,1,2,39
Wed Jan 08 18:45:00 PST 2020,1,3,62
Wed Jan 08 18:45:00 PST 2020,2,1,-51
Wed Jan 08 18:45:00 PST 2020,2,2,39
Wed Jan 08 18:45:00 PST 2020,2,3,79
Wed Jan 08 18:45:00 PST 2020,3,1,67
Wed Jan 08 18:45:00 PST 2020,3,2,39
Wed Jan 08 18:45:00 PST 2020,3,3,71
Wed Jan 08 18:45:00 PST 2020,4,1,56
Wed Jan 08 18:45:00 PST 2020,4,2,39
Wed Jan 08 18:45:00 PST 2020,4,3,48
Wed Jan 08 19:00:00 PST 2020,1,1,12
Wed Jan 08 19:00:00 PST 2020,1,2,39
Wed Jan 08 19:00:00 PST 2020,1,3,3
Wed Jan 08 19:00:00 PST 2020,2,1,-74
Wed Jan 08 19:00:00 PST 2020,2,2,39
Wed Jan 08 19:00:00 PST 2020,2,3,49
Wed Jan 08 19:00:00 PST 2020,3,1,#ERROR#
Wed Jan 08 19:00:00 PST 2020,3,2,39
Wed Jan 08 19:00:00 PST 2020,3,3,59
Wed Jan 08 19:00:00 PST 2020,4,1,39
Wed Jan 08 19:00:00 PST 2020,4,2,39
Wed Jan 08 19:00:00 PST 2020,4,3,93
Wed Jan 08 19:15:00 PST 2020,1,1,6
Wed Jan 08 19:15:00 PST 2020,1,2,39
Wed Jan 08 19:15:00 PST 2020,1,3,62
Wed Jan 08 19:15:00 PST 2020,2,1,94
Wed Jan 08 19:15:00 PST 2020,2,2,39
Wed Jan 08 19:15:00 PST 2020,2,3,76
Wed Jan 08 19:15:00 PST 2020,3,1,1
Wed Jan 08 19:15:00 PST 2020,3,2,39
Wed Jan 08 19:15:00 PST 2020,3,3,35
Wed Jan 08 19:15:00 PST 2020,4,1,1
Wed Jan 08 19:15:00 PST 2020,4,2,39
Wed Jan 08 19:15:00 PST 2020,4,3,65
Wed Jan 08 19:30:00 PST 2020,1,1,57
Wed Jan 08 19:30:00 PST 2020,1,2,40
Wed Jan 08 19:30:00 PST 2020,1,3,63
Wed Jan 08 19:30:00 PST 2020,2,1,35
Wed Jan 08 19:30:00 PST 2020,2,2,#ERROR#
Wed Jan 08 19:30:00 PST 2020,2,3,8
Wed Jan 08 19:30:00 PST 2020,3,1,73
Wed Jan 08 19:30:00 PST 2020,3,2,40
Wed Jan 08 19:30:00 PST 2020,3,3,98
Wed Jan 08 19:30:00 PST 2020,4,1,39
Wed Jan 08 19:30:00 PST 2020,4,2,40
Wed Jan 08 19:30:00 PST 2020,4,3,86
Wed Jan 08 19:45:00 PST 2020,1,1,43
Wed Jan 08 19:45:00 PST 2020,1,2,40
Wed Jan 08 19:45:00 PST 2020,1,3,74
Wed Jan 08 19:45:00 PST 2020,2,1,0
Wed Jan 08 19:45:00 PST 2020,2,2,40
Wed Jan 08 19:45:00 PST 2020,2,3,28
Wed Jan 08 19:45:00 PST 2020,3,1,0
Wed Jan 08 19:45:00 PST 2020,3,2,40
Wed Jan 08 19:45:00 PST 2020,3,3,-82
Wed Jan 08 19:45:00 PST 2020,4,1,96
Wed Jan 08 19:45:00 PST 2020,4,2,40
Wed Jan 08 19:45:00 PST 2020,4,3,62
Wed Jan 08 20:00:00 PST 2020,1,1,97
Wed Jan 08 20:00:00 PST 2020,1,2,40
Wed Jan 08 20:00:00 PST 2020,1,3,82
Wed Jan 08 20:00:00 PST 2020,2,1,87
Wed Jan 08 20:00:00 PST 2020,2,2,40
Wed Jan 08 20:00:00 PST 2020,2,3,91
Wed Jan 08 20:00:00 PST 2020,3,1,78
Wed Jan 08 20:00:00 PST 2020,3,2,40
Wed Jan 08 20:00:00 PST 2020,3,3,73
Wed Jan 08 20:00:00 PST 2020,4,1,40
Wed Jan 08 20:00:00 PST 2020,4,2,40
Wed Jan 08 20:00:00 PST 2020,4,3,93
Wed Jan 08 20:15:00 PST 2020,1,1,57
Wed Jan 08 20:15:00 PST 2020,1,2,40
Wed Jan 08 20:15:00 PST 2020,1,3,37
Wed Jan 08 20:15:00 PST 2020,2,1,91
Wed Jan 08 20:15:00 PST 2020,2,2,40
Wed Jan 08 20:15:00 PST 2020,2,3,14
Wed Jan 08 20:15:00 PST 2020,3,1,96
Wed Jan 08 20:15:00 PST 2020,3,2,40
Wed Jan 08 20:15:00 PST 2020,3,3,25
Wed Jan 08 20:15:00 PST 2020,4,1,12
Wed Jan 08 20:15:00 PST 2020,4,2,40
Wed Jan 08 20:15:00 PST 2020,4,3,11
Wed Jan 08 20:30:00 PST 2020,1,1,43
Wed Jan 08 20:30:00 PST 2020,1,2,40
Wed Jan 08 20:30:00 PST 2020,1,3,48
Wed Jan 08 20:30:00 PST 2020,2,1,0
Wed Jan 08 20:30:00 PST 2020,2,2,40
Wed Jan 08 20:30:00 PST 2020,2,3,2
Wed Jan 08 20:30:00 PST 2020,3,1,87
Wed Jan 08 20:30:00 PST 2020,3,2,40
Wed Jan 08 20:30:00 PST 2020,3,3,23
Wed Jan 08 20:30:00 PST 2020,4,1,#NA#
Wed Jan 08 20:30:00 PST 2020,4,2,40
Wed Jan 08 20:30:00 PST 2020,4,3,21
Wed Jan 08 20:45:00 PST 2020,1,1,86
Wed Jan 08 20:45:00 PST 2020,1,2,-12
Wed Jan 08 20:45:00 PST 2020,1,3,48
Wed Jan 08 20:45:00 PST 2020,2,1,97
Wed Jan 08 20:45:00 PST 2020,2,2,41
Wed Jan 08 20:45:00 PST 2020,2,3,78
Wed Jan 08 20:45:00 PST 2020,3,1,74
Wed Jan 08 20:45:00 PST 2020,3,2,41
Wed Jan 08 20:45:00 PST 2020,3,3,13
Wed Jan 08 20:45:00 PST 2020,4,1,21
Wed Jan 08 20:45:00 PST 2020,4,2,41
Wed Jan 08 20:45:00 PST 2020,4,3,99
Wed Jan 08 21:00:00 PST 2020,1,1,45
Wed Jan 08 21:00:00 PST 2020,1,2,41
Wed Jan 08 21:00:00 PST 2020,1,3,#ERROR#
Wed Jan 08 21:00:00 PST 2020,2,1,40
Wed Jan 08 21:00:00 PST 2020,2,2,41
Wed Jan 08 21:00:00 PST 2020,2,3,19
Wed Jan 08 21:00:00 PST 2020,3,1,3
Wed Jan 08 21:00:00 PST 2020,3,2,41
Wed Jan 08 21:00:00 PST 2020,3,3,97
Wed Jan 08 21:00:00 PST 2020,4,1,#NA#
Wed Jan 08 21:00:00 PST 2020,4,2,41
Wed Jan 08 21:00:00 PST 2020,4,3,100
Wed Jan 08 21:15:00 PST 2020,1,1,65
Wed Jan 08 21:15:00 PST 2020,1,2,41
Wed Jan 08 21:15:00 PST 2020,1,3,1
Wed Jan 08 21:15:00 PST 2020,2,1,41
Wed Jan 08 21:15:00 PST 2020,2,2,41
Wed Jan 08 21:15:00 PST 2020,2,3,7
Wed Jan 08 21:15:00 PST 2020,3,1,25
Wed Jan 08 21:15:00 PST 2020,3,2,41
Wed Jan 08 21:15:00 PST 2020,3,3,34
Wed Jan 08 21:15:00 PST 2020,4,1,27
Wed Jan 08 21:15:00 PST 2020,4,2,41
Wed Jan 08 21:15:00 PST 2020,4,3,47
Wed Jan 08 21:30:00 PST 2020,1,1,84
Wed Jan 08 21:30:00 PST 2020,1,2,41
Wed Jan 08 21:30:00 PST 2020,1,3,23
Wed Jan 08 21:30:00 PST 2020,2,1,93
Wed Jan 08 21:30:00 PST 2020,2,2,-36
Wed Jan 08 21:30:00 PST 2020,2,3,32
Wed Jan 08 21:30:00 PST 2020,3,1,2
Wed Jan 08 21:30:00 PST 2020,3,2,-41
Wed Jan 08 21:30:00 PST 2020,3,3,75
Wed Jan 08 21:30:00 PST 2020,4,1,58
Wed Jan 08 21:30:00 PST 2020,4,2,41
Wed Jan 08 21:30:00 PST 2020,4,3,60
Wed Jan 08 21:45:00 PST 2020,1,1,71
Wed Jan 08 21:45:00 PST 2020,1,2,41
Wed Jan 08 21:45:00 PST 2020,1,3,189
Wed Jan 08 21:45:00 PST 2020,2,1,82
Wed Jan 08 21:45:00 PST 2020,2,2,41
Wed Jan 08 21:45:00 PST 2020,2,3,55
Wed Jan 08 21:45:00 PST 2020,3,1,2
Wed Jan 08 21:45:00 PST 2020,3,2,41
Wed Jan 08 21:45:00 PST 2020,3,3,98
Wed Jan 08 21:45:00 PST 2020,4,1,74
Wed Jan 08 21:45:00 PST 2020,4,2,41
Wed Jan 08 21:45:00 PST 2020,4,3,47
Wed Jan 08 22:00:00 PST 2020,1,1,56
Wed Jan 08 22:00:00 PST 2020,1,2,42
Wed Jan 08 22:00:00 PST 2020,1,3,80
Wed Jan 08 22:00:00 PST 2020,2,1,10
Wed Jan 08 22:00:00 PST 2020,2,2,42
Wed Jan 08 22:00:00 PST 2020,2,3,45
Wed Jan 08 22:00:00 PST 2020,3,1,63
Wed Jan 08 22:00:00 PST 2020,3,2,42
Wed Jan 08 22:00:00 PST 2020,3,3,83
Wed Jan 08 22:00:00 PST 2020,4,1,15
Wed Jan 08 22:00:00 PST 2020,4,2,42
Wed Jan 08 22:00:00 PST 2020,4,3,28
Wed Jan 08 22:15:00 PST 2020,1,1,65
Wed Jan 08 22:15:00 PST 2020,1,2,42
Wed Jan 08 22:15:00 PST 2020,1,3,83
Wed Jan 08 22:15:00 PST 2020,2,1,52
Wed Jan 08 22:15:00 PST 2020,2,2,42
Wed Jan 08 22:15:00 PST 2020,2,3,28
Wed Jan 08 22:15:00 PST 2020,3,1,26
Wed Jan 08 22:15:00 PST 2020,3,2,42
Wed Jan 08 22:15:00 PST 2020,3,3,68
Wed Jan 08 22:15:00 PST 2020,4,1,#ERROR#
Wed Jan 08 22:15:00 PST 2020,4,2,42
Wed Jan 08 22:15:00 PST 2020,4,3,53
Wed Jan 08 22:30:00 PST 2020,1,1,100
Wed Jan 08 22:30:00 PST 2020,1,2,42
Wed Jan 08 22:30:00 PST 2020,1,3,55
Wed Jan 08 22:30:00 PST 2020,2,1,4
Wed Jan 08 22:30:00 PST 2020,2,2,42
Wed Jan 08 22:30:00 PST 2020,2,3,74
Wed Jan 08 22:30:00 PST 2020,3,1,73
Wed Jan 08 22:30:00 PST 2020,3,2,42
Wed Jan 08 22:30:00 PST 2020,3,3,21
Wed Jan 08 22:30:00 PST 2020,4,1,91
Wed Jan 08 22:30:00 PST 2020,4,2,42
Wed Jan 08 22:30:00 PST 2020,4,3,56
Wed Jan 08 22:45:00 PST 2020,1,1,38
Wed Jan 08 22:45:00 PST 2020,1,2,#ERROR#
Wed Jan 08 22:45:00 PST 2020,1,3,63
Wed Jan 08 22:45:00 PST 2020,2,1,75
Wed Jan 08 22:45:00 PST 2020,2,2,42
Wed Jan 08 22:45:00 PST 2020,2,3,46
Wed Jan 08 22:45:00 PST 2020,3,1,52
Wed Jan 08 22:45:00 PST 2020,3,2,42
Wed Jan 08 22:45:00 PST 2020,3,3,68
Wed Jan 08 22:45:00 PST 2020,4,1,13
Wed Jan 08 22:45:00 PST 2020,4,2,42
Wed Jan 08 22:45:00 PST 2020,4,3,84
Wed Jan 08 23:00:00 PST 2020,1,1,32
Wed Jan 08 23:00:00 PST 2020,1,2,42
Wed Jan 08 23:00:00 PST 2020,1,3,50
Wed Jan 08 23:00:00 PST 2020,2,1,81
Wed Jan 08 23:00:00 PST 2020,2,2,42
Wed Jan 08 23:00:00 PST 2020,2,3,26
Wed Jan 08 23:00:00 PST 2020,3,1,53
Wed Jan 08 23:00:00 PST 2020,3,2,42
Wed Jan 08 23:00:00 PST 2020,3,3,71
Wed Jan 08 23:00:00 PST 2020,4,1,26
Wed Jan 08 23:00:00 PST 2020,4,2,42
Wed Jan 08 23:00:00 PST 2020,4,3,83
Wed Jan 08 23:15:00 PST 2020,1,1,56
Wed Jan 08 23:15:00 PST 2020,1,2,#ERROR#
Wed Jan 08 23:15:00 PST 2020,1,3,87
Wed Jan 08 23:15:00 PST 2020,2,1,42
Wed Jan 08 23:15:00 PST 2020,2,2,43
Wed Jan 08 23:15:00 PST 2020,2,3,18
Wed Jan 08 23:15:00 PST 2020,3,1,36
Wed Jan 08 23:15:00 PST 2020,3,2,43
Wed Jan 08 23:15:00 PST 2020,3,3,#ERROR#
Wed Jan 08 23:15:00 PST 2020,4,1,94
Wed Jan 08 23:15:00 PST 2020,4,2,43
Wed Jan 08 23:15:00 PST 2020,4,3,88
Wed Jan 08 23:30:00 PST 2020,1,1,30
Wed Jan 08 23:30:00 PST 2020,1,2,43
Wed Jan 08 23:30:00 PST 2020,1,3,7
Wed Jan 08 23:30:00 PST 2020,2,1,62
Wed Jan 08 23:30:00 PST 2020,2,2,43
Wed Jan 08 23:30:00 PST 2020,2,3,63
Wed Jan 08 23:30:00 PST 2020,3,1,30
Wed Jan 08 23:30:00 PST 2020,3,2,43
Wed Jan 08 23:30:00 PST 2020,3,3,29
Wed Jan 08 23:30:00 PST 2020,4,1,14
Wed Jan 08 23:30:00 PST 2020,4,2,#ERROR#
Wed Jan 08 23:30:00 PST 2020,4,3,88
Wed Jan 08 23:45:00 PST 2020,1,1,82
Wed Jan 08 23:45:00 PST 2020,1,2,43
Wed Jan 08 23:45:00 PST 2020,1,3,106
Wed Jan 08 23:45:00 PST 2020,2,1,97
Wed Jan 08 23:45:00 PST 2020,2,2,43
Wed Jan 08 23:45:00 PST 2020,2,3,49
Wed Jan 08 23:45:00 PST 2020,3,1,26
Wed Jan 08 23:45:00 PST 2020,3,2,43
Wed Jan 08 23:45:00 PST 2020,3,3,21
Wed Jan 08 23:45:00 PST 2020,4,1,24
Wed Jan 08 23:45:00 PST 2020,4,2,43
Wed Jan 08 23:45:00 PST 2020,4,3,35
