timestamp, siteid, sensorid, value
Thu Jan 07 00:00:00 PST 2016,1,1,24
Thu Jan 07 00:00:00 PST 2016,1,2,5
Thu Jan 07 00:00:00 PST 2016,1,3,60
Thu Jan 07 00:00:00 PST 2016,2,1,0
Thu Jan 07 00:00:00 PST 2016,2,2,5
Thu Jan 07 00:00:00 PST 2016,2,3,100
Thu Jan 07 00:00:00 PST 2016,3,1,36
Thu Jan 07 00:00:00 PST 2016,3,2,5
Thu Jan 07 00:00:00 PST 2016,3,3,38
Thu Jan 07 00:00:00 PST 2016,4,1,99
Thu Jan 07 00:00:00 PST 2016,4,2,5
Thu Jan 07 00:00:00 PST 2016,4,3,84
Thu Jan 07 00:15:00 PST 2016,1,1,NA
Thu Jan 07 00:15:00 PST 2016,1,2,5
Thu Jan 07 00:15:00 PST 2016,1,3,96
Thu Jan 07 00:15:00 PST 2016,2,1,28
Thu Jan 07 00:15:00 PST 2016,2,2,5
Thu Jan 07 00:15:00 PST 2016,2,3,94
Thu Jan 07 00:15:00 PST 2016,3,1,3
Thu Jan 07 00:15:00 PST 2016,3,2,5
Thu Jan 07 00:15:00 PST 2016,3,3,95
Thu Jan 07 00:15:00 PST 2016,4,1,72
Thu Jan 07 00:15:00 PST 2016,4,2,5
Thu Jan 07 00:15:00 PST 2016,4,3,21
Thu Jan 07 00:30:00 PST 2016,1,1,160
Thu Jan 07 00:30:00 PST 2016,1,2,5
Thu Jan 07 00:30:00 PST 2016,1,3,34
Thu Jan 07 00:30:00 PST 2016,2,1,22
Thu Jan 07 00:30:00 PST 2016,2,2,5
Thu Jan 07 00:30:00 PST 2016,2,3,85
Thu Jan 07 00:30:00 PST 2016,3,1,11
Thu Jan 07 00:30:00 PST 2016,3,2,5
Thu Jan 07 00:30:00 PST 2016,3,3,15
Thu Jan 07 00:30:00 PST 2016,4,1,NA
Thu Jan 07 00:30:00 PST 2016,4,2,5
Thu Jan 07 00:30:00 PST 2016,4,3,86
Thu Jan 07 00:45:00 PST 2016,1,1,100
Thu Jan 07 00:45:00 PST 2016,1,2,5
Thu Jan 07 00:45:00 PST 2016,1,3,30
Thu Jan 07 00:45:00 PST 2016,2,1,56
Thu Jan 07 00:45:00 PST 2016,2,2,5
Thu Jan 07 00:45:00 PST 2016,2,3,31
Thu Jan 07 00:45:00 PST 2016,3,1,100
Thu Jan 07 00:45:00 PST 2016,3,2,5
Thu Jan 07 00:45:00 PST 2016,3,3,71
Thu Jan 07 00:45:00 PST 2016,4,1,16
Thu Jan 07 00:45:00 PST 2016,4,2,5
Thu Jan 07 00:45:00 PST 2016,4,3,14
Thu Jan 07 01:00:00 PST 2016,1,1,71
Thu Jan 07 01:00:00 PST 2016,1,2,6
Thu Jan 07 01:00:00 PST 2016,1,3,62
Thu Jan 07 01:00:00 PST 2016,2,1,77
Thu Jan 07 01:00:00 PST 2016,2,2,6
Thu Jan 07 01:00:00 PST 2016,2,3,66
Thu Jan 07 01:00:00 PST 2016,3,1,50
Thu Jan 07 01:00:00 PST 2016,3,2,6
Thu Jan 07 01:00:00 PST 2016,3,3,43
Thu Jan 07 01:00:00 PST 2016,4,1,16
Thu Jan 07 01:00:00 PST 2016,4,2,NA
Thu Jan 07 01:00:00 PST 2016,4,3,117
Thu Jan 07 01:15:00 PST 2016,1,1,73
Thu Jan 07 01:15:00 PST 2016,1,2,6
Thu Jan 07 01:15:00 PST 2016,1,3,95
Thu Jan 07 01:15:00 PST 2016,2,1,24
Thu Jan 07 01:15:00 PST 2016,2,2,6
Thu Jan 07 01:15:00 PST 2016,2,3,1
Thu Jan 07 01:15:00 PST 2016,3,1,49
Thu Jan 07 01:15:00 PST 2016,3,2,6
Thu Jan 07 01:15:00 PST 2016,3,3,57
Thu Jan 07 01:15:00 PST 2016,4,1,31
Thu Jan 07 01:15:00 PST 2016,4,2,6
Thu Jan 07 01:15:00 PST 2016,4,3,55
Thu Jan 07 01:30:00 PST 2016,1,1,25
Thu Jan 07 01:30:00 PST 2016,1,2,6
Thu Jan 07 01:30:00 PST 2016,1,3,NA
Thu Jan 07 01:30:00 PST 2016,2,1,52
Thu Jan 07 01:30:00 PST 2016,2,2,6
Thu Jan 07 01:30:00 PST 2016,2,3,12
Thu Jan 07 01:30:00 PST 2016,3,1,39
Thu Jan 07 01:30:00 PST 2016,3,2,6
Thu Jan 07 01:30:00 PST 2016,3,3,4
Thu Jan 07 01:30:00 PST 2016,4,1,9
Thu Jan 07 01:30:00 PST 2016,4,2,6
Thu Jan 07 01:30:00 PST 2016,4,3,51
Thu Jan 07 01:45:00 PST 2016,1,1,190
Thu Jan 07 01:45:00 PST 2016,1,2,6
Thu Jan 07 01:45:00 PST 2016,1,3,98
Thu Jan 07 01:45:00 PST 2016,2,1,5
Thu Jan 07 01:45:00 PST 2016,2,2,6
Thu Jan 07 01:45:00 PST 2016,2,3,84
Thu Jan 07 01:45:00 PST 2016,3,1,28
Thu Jan 07 01:45:00 PST 2016,3,2,NA
Thu Jan 07 01:45:00 PST 2016,3,3,42
Thu Jan 07 01:45:00 PST 2016,4,1,53
Thu Jan 07 01:45:00 PST 2016,4,2,6
Thu Jan 07 01:45:00 PST 2016,4,3,47
Thu Jan 07 02:00:00 PST 2016,1,1,97
Thu Jan 07 02:00:00 PST 2016,1,2,6
Thu Jan 07 02:00:00 PST 2016,1,3,72
Thu Jan 07 02:00:00 PST 2016,2,1,94
Thu Jan 07 02:00:00 PST 2016,2,2,6
Thu Jan 07 02:00:00 PST 2016,2,3,NA
Thu Jan 07 02:00:00 PST 2016,3,1,95
Thu Jan 07 02:00:00 PST 2016,3,2,6
Thu Jan 07 02:00:00 PST 2016,3,3,-16
Thu Jan 07 02:00:00 PST 2016,4,1,NA
Thu Jan 07 02:00:00 PST 2016,4,2,6
Thu Jan 07 02:00:00 PST 2016,4,3,51
Thu Jan 07 02:15:00 PST 2016,1,1,57
Thu Jan 07 02:15:00 PST 2016,1,2,7
Thu Jan 07 02:15:00 PST 2016,1,3,44
Thu Jan 07 02:15:00 PST 2016,2,1,55
Thu Jan 07 02:15:00 PST 2016,2,2,7
Thu Jan 07 02:15:00 PST 2016,2,3,9
Thu Jan 07 02:15:00 PST 2016,3,1,59
Thu Jan 07 02:15:00 PST 2016,3,2,7
Thu Jan 07 02:15:00 PST 2016,3,3,65
Thu Jan 07 02:15:00 PST 2016,4,1,55
Thu Jan 07 02:15:00 PST 2016,4,2,7
Thu Jan 07 02:15:00 PST 2016,4,3,47
Thu Jan 07 02:30:00 PST 2016,1,1,67
Thu Jan 07 02:30:00 PST 2016,1,2,7
Thu Jan 07 02:30:00 PST 2016,1,3,28
Thu Jan 07 02:30:00 PST 2016,2,1,91
Thu Jan 07 02:30:00 PST 2016,2,2,7
Thu Jan 07 02:30:00 PST 2016,2,3,100
Thu Jan 07 02:30:00 PST 2016,3,1,29
Thu Jan 07 02:30:00 PST 2016,3,2,7
Thu Jan 07 02:30:00 PST 2016,3,3,16
Thu Jan 07 02:30:00 PST 2016,4,1,3
Thu Jan 07 02:30:00 PST 2016,4,2,7
Thu Jan 07 02:30:00 PST 2016,4,3,50
Thu Jan 07 02:45:00 PST 2016,1,1,99
Thu Jan 07 02:45:00 PST 2016,1,2,7
Thu Jan 07 02:45:00 PST 2016,1,3,3
Thu Jan 07 02:45:00 PST 2016,2,1,53
Thu Jan 07 02:45:00 PST 2016,2,2,7
Thu Jan 07 02:45:00 PST 2016,2,3,33
Thu Jan 07 02:45:00 PST 2016,3,1,36
Thu Jan 07 02:45:00 PST 2016,3,2,7
Thu Jan 07 02:45:00 PST 2016,3,3,69
Thu Jan 07 02:45:00 PST 2016,4,1,62
Thu Jan 07 02:45:00 PST 2016,4,2,7
Thu Jan 07 02:45:00 PST 2016,4,3,NA
Thu Jan 07 03:00:00 PST 2016,1,1,21
Thu Jan 07 03:00:00 PST 2016,1,2,7
Thu Jan 07 03:00:00 PST 2016,1,3,98
Thu Jan 07 03:00:00 PST 2016,2,1,66
Thu Jan 07 03:00:00 PST 2016,2,2,7
Thu Jan 07 03:00:00 PST 2016,2,3,12
Thu Jan 07 03:00:00 PST 2016,3,1,85
Thu Jan 07 03:00:00 PST 2016,3,2,7
Thu Jan 07 03:00:00 PST 2016,3,3,71
Thu Jan 07 03:00:00 PST 2016,4,1,95
Thu Jan 07 03:00:00 PST 2016,4,2,7
Thu Jan 07 03:00:00 PST 2016,4,3,40
Thu Jan 07 03:15:00 PST 2016,1,1,45
Thu Jan 07 03:15:00 PST 2016,1,2,7
Thu Jan 07 03:15:00 PST 2016,1,3,44
Thu Jan 07 03:15:00 PST 2016,2,1,96
Thu Jan 07 03:15:00 PST 2016,2,2,7
Thu Jan 07 03:15:00 PST 2016,2,3,75
Thu Jan 07 03:15:00 PST 2016,3,1,68
Thu Jan 07 03:15:00 PST 2016,3,2,103
Thu Jan 07 03:15:00 PST 2016,3,3,69
Thu Jan 07 03:15:00 PST 2016,4,1,71
Thu Jan 07 03:15:00 PST 2016,4,2,7
Thu Jan 07 03:15:00 PST 2016,4,3,93
Thu Jan 07 03:30:00 PST 2016,1,1,-38
Thu Jan 07 03:30:00 PST 2016,1,2,8
Thu Jan 07 03:30:00 PST 2016,1,3,8
Thu Jan 07 03:30:00 PST 2016,2,1,49
Thu Jan 07 03:30:00 PST 2016,2,2,8
Thu Jan 07 03:30:00 PST 2016,2,3,94
Thu Jan 07 03:30:00 PST 2016,3,1,19
Thu Jan 07 03:30:00 PST 2016,3,2,8
Thu Jan 07 03:30:00 PST 2016,3,3,80
Thu Jan 07 03:30:00 PST 2016,4,1,65
Thu Jan 07 03:30:00 PST 2016,4,2,8
Thu Jan 07 03:30:00 PST 2016,4,3,98
Thu Jan 07 03:45:00 PST 2016,1,1,23
Thu Jan 07 03:45:00 PST 2016,1,2,8
Thu Jan 07 03:45:00 PST 2016,1,3,21
Thu Jan 07 03:45:00 PST 2016,2,1,38
Thu Jan 07 03:45:00 PST 2016,2,2,8
Thu Jan 07 03:45:00 PST 2016,2,3,12
Thu Jan 07 03:45:00 PST 2016,3,1,12
Thu Jan 07 03:45:00 PST 2016,3,2,8
Thu Jan 07 03:45:00 PST 2016,3,3,83
Thu Jan 07 03:45:00 PST 2016,4,1,75
Thu Jan 07 03:45:00 PST 2016,4,2,8
Thu Jan 07 03:45:00 PST 2016,4,3,63
Thu Jan 07 04:00:00 PST 2016,1,1,NA
Thu Jan 07 04:00:00 PST 2016,1,2,8
Thu Jan 07 04:00:00 PST 2016,1,3,65
Thu Jan 07 04:00:00 PST 2016,2,1,71
Thu Jan 07 04:00:00 PST 2016,2,2,8
Thu Jan 07 04:00:00 PST 2016,2,3,91
Thu Jan 07 04:00:00 PST 2016,3,1,52
Thu Jan 07 04:00:00 PST 2016,3,2,8
Thu Jan 07 04:00:00 PST 2016,3,3,51
Thu Jan 07 04:00:00 PST 2016,4,1,-18
Thu Jan 07 04:00:00 PST 2016,4,2,8
Thu Jan 07 04:00:00 PST 2016,4,3,86
Thu Jan 07 04:15:00 PST 2016,1,1,42
Thu Jan 07 04:15:00 PST 2016,1,2,8
Thu Jan 07 04:15:00 PST 2016,1,3,12
Thu Jan 07 04:15:00 PST 2016,2,1,100
Thu Jan 07 04:15:00 PST 2016,2,2,8
Thu Jan 07 04:15:00 PST 2016,2,3,61
Thu Jan 07 04:15:00 PST 2016,3,1,68
Thu Jan 07 04:15:00 PST 2016,3,2,8
Thu Jan 07 04:15:00 PST 2016,3,3,96
Thu Jan 07 04:15:00 PST 2016,4,1,88
Thu Jan 07 04:15:00 PST 2016,4,2,8
Thu Jan 07 04:15:00 PST 2016,4,3,94
Thu Jan 07 04:30:00 PST 2016,1,1,76
Thu Jan 07 04:30:00 PST 2016,1,2,8
Thu Jan 07 04:30:00 PST 2016,1,3,15
Thu Jan 07 04:30:00 PST 2016,2,1,18
Thu Jan 07 04:30:00 PST 2016,2,2,8
Thu Jan 07 04:30:00 PST 2016,2,3,59
Thu Jan 07 04:30:00 PST 2016,3,1,92
Thu Jan 07 04:30:00 PST 2016,3,2,NA
Thu Jan 07 04:30:00 PST 2016,3,3,82
Thu Jan 07 04:30:00 PST 2016,4,1,31
Thu Jan 07 04:30:00 PST 2016,4,2,8
Thu Jan 07 04:30:00 PST 2016,4,3,9
Thu Jan 07 04:45:00 PST 2016,1,1,47
Thu Jan 07 04:45:00 PST 2016,1,2,9
Thu Jan 07 04:45:00 PST 2016,1,3,23
Thu Jan 07 04:45:00 PST 2016,2,1,100
Thu Jan 07 04:45:00 PST 2016,2,2,9
Thu Jan 07 04:45:00 PST 2016,2,3,11
Thu Jan 07 04:45:00 PST 2016,3,1,193
Thu Jan 07 04:45:00 PST 2016,3,2,9
Thu Jan 07 04:45:00 PST 2016,3,3,14
Thu Jan 07 04:45:00 PST 2016,4,1,84
Thu Jan 07 04:45:00 PST 2016,4,2,9
Thu Jan 07 04:45:00 PST 2016,4,3,38
Thu Jan 07 05:00:00 PST 2016,1,1,85
Thu Jan 07 05:00:00 PST 2016,1,2,9
Thu Jan 07 05:00:00 PST 2016,1,3,NA
Thu Jan 07 05:00:00 PST 2016,2,1,82
Thu Jan 07 05:00:00 PST 2016,2,2,9
Thu Jan 07 05:00:00 PST 2016,2,3,68
Thu Jan 07 05:00:00 PST 2016,3,1,1
Thu Jan 07 05:00:00 PST 2016,3,2,9
Thu Jan 07 05:00:00 PST 2016,3,3,92
Thu Jan 07 05:00:00 PST 2016,4,1,48
Thu Jan 07 05:00:00 PST 2016,4,2,9
Thu Jan 07 05:00:00 PST 2016,4,3,9
Thu Jan 07 05:15:00 PST 2016,1,1,48
Thu Jan 07 05:15:00 PST 2016,1,2,9
Thu Jan 07 05:15:00 PST 2016,1,3,5
Thu Jan 07 05:15:00 PST 2016,2,1,95
Thu Jan 07 05:15:00 PST 2016,2,2,9
Thu Jan 07 05:15:00 PST 2016,2,3,24
Thu Jan 07 05:15:00 PST 2016,3,1,70
Thu Jan 07 05:15:00 PST 2016,3,2,9
Thu Jan 07 05:15:00 PST 2016,3,3,60
Thu Jan 07 05:15:00 PST 2016,4,1,39
Thu Jan 07 05:15:00 PST 2016,4,2,9
Thu Jan 07 05:15:00 PST 2016,4,3,89
Thu Jan 07 05:30:00 PST 2016,1,1,NA
Thu Jan 07 05:30:00 PST 2016,1,2,9
Thu Jan 07 05:30:00 PST 2016,1,3,83
Thu Jan 07 05:30:00 PST 2016,2,1,44
Thu Jan 07 05:30:00 PST 2016,2,2,9
Thu Jan 07 05:30:00 PST 2016,2,3,70
Thu Jan 07 05:30:00 PST 2016,3,1,48
Thu Jan 07 05:30:00 PST 2016,3,2,NA
Thu Jan 07 05:30:00 PST 2016,3,3,NA
Thu Jan 07 05:30:00 PST 2016,4,1,16
Thu Jan 07 05:30:00 PST 2016,4,2,9
Thu Jan 07 05:30:00 PST 2016,4,3,66
Thu Jan 07 05:45:00 PST 2016,1,1,2
Thu Jan 07 05:45:00 PST 2016,1,2,9
Thu Jan 07 05:45:00 PST 2016,1,3,66
Thu Jan 07 05:45:00 PST 2016,2,1,65
Thu Jan 07 05:45:00 PST 2016,2,2,9
Thu Jan 07 05:45:00 PST 2016,2,3,NA
Thu Jan 07 05:45:00 PST 2016,3,1,54
Thu Jan 07 05:45:00 PST 2016,3,2,9
Thu Jan 07 05:45:00 PST 2016,3,3,-13
Thu Jan 07 05:45:00 PST 2016,4,1,20
Thu Jan 07 05:45:00 PST 2016,4,2,9
Thu Jan 07 05:45:00 PST 2016,4,3,92
Thu Jan 07 06:00:00 PST 2016,1,1,NA
Thu Jan 07 06:00:00 PST 2016,1,2,10
Thu Jan 07 06:00:00 PST 2016,1,3,12
Thu Jan 07 06:00:00 PST 2016,2,1,73
Thu Jan 07 06:00:00 PST 2016,2,2,10
Thu Jan 07 06:00:00 PST 2016,2,3,75
Thu Jan 07 06:00:00 PST 2016,3,1,63
Thu Jan 07 06:00:00 PST 2016,3,2,10
Thu Jan 07 06:00:00 PST 2016,3,3,12
Thu Jan 07 06:00:00 PST 2016,4,1,49
Thu Jan 07 06:00:00 PST 2016,4,2,10
Thu Jan 07 06:00:00 PST 2016,4,3,38
Thu Jan 07 06:15:00 PST 2016,1,1,56
Thu Jan 07 06:15:00 PST 2016,1,2,10
Thu Jan 07 06:15:00 PST 2016,1,3,1
Thu Jan 07 06:15:00 PST 2016,2,1,5
Thu Jan 07 06:15:00 PST 2016,2,2,156
Thu Jan 07 06:15:00 PST 2016,2,3,62
Thu Jan 07 06:15:00 PST 2016,3,1,21
Thu Jan 07 06:15:00 PST 2016,3,2,10
Thu Jan 07 06:15:00 PST 2016,3,3,5
Thu Jan 07 06:15:00 PST 2016,4,1,64
Thu Jan 07 06:15:00 PST 2016,4,2,10
Thu Jan 07 06:15:00 PST 2016,4,3,96
Thu Jan 07 06:30:00 PST 2016,1,1,99
Thu Jan 07 06:30:00 PST 2016,1,2,10
Thu Jan 07 06:30:00 PST 2016,1,3,51
Thu Jan 07 06:30:00 PST 2016,2,1,92
Thu Jan 07 06:30:00 PST 2016,2,2,10
Thu Jan 07 06:30:00 PST 2016,2,3,1
Thu Jan 07 06:30:00 PST 2016,3,1,86
Thu Jan 07 06:30:00 PST 2016,3,2,10
Thu Jan 07 06:30:00 PST 2016,3,3,97
Thu Jan 07 06:30:00 PST 2016,4,1,26
Thu Jan 07 06:30:00 PST 2016,4,2,10
Thu Jan 07 06:30:00 PST 2016,4,3,85
Thu Jan 07 06:45:00 PST 2016,1,1,26
Thu Jan 07 06:45:00 PST 2016,1,2,10
Thu Jan 07 06:45:00 PST 2016,1,3,40
Thu Jan 07 06:45:00 PST 2016,2,1,32
Thu Jan 07 06:45:00 PST 2016,2,2,10
Thu Jan 07 06:45:00 PST 2016,2,3,4
Thu Jan 07 06:45:00 PST 2016,3,1,67
Thu Jan 07 06:45:00 PST 2016,3,2,101
Thu Jan 07 06:45:00 PST 2016,3,3,-57
Thu Jan 07 06:45:00 PST 2016,4,1,194
Thu Jan 07 06:45:00 PST 2016,4,2,10
Thu Jan 07 06:45:00 PST 2016,4,3,-7
Thu Jan 07 07:00:00 PST 2016,1,1,11
Thu Jan 07 07:00:00 PST 2016,1,2,10
Thu Jan 07 07:00:00 PST 2016,1,3,69
Thu Jan 07 07:00:00 PST 2016,2,1,91
Thu Jan 07 07:00:00 PST 2016,2,2,10
Thu Jan 07 07:00:00 PST 2016,2,3,85
Thu Jan 07 07:00:00 PST 2016,3,1,83
Thu Jan 07 07:00:00 PST 2016,3,2,10
Thu Jan 07 07:00:00 PST 2016,3,3,9
Thu Jan 07 07:00:00 PST 2016,4,1,73
Thu Jan 07 07:00:00 PST 2016,4,2,10
Thu Jan 07 07:00:00 PST 2016,4,3,16
Thu Jan 07 07:15:00 PST 2016,1,1,62
Thu Jan 07 07:15:00 PST 2016,1,2,11
Thu Jan 07 07:15:00 PST 2016,1,3,63
Thu Jan 07 07:15:00 PST 2016,2,1,72
Thu Jan 07 07:15:00 PST 2016,2,2,11
Thu Jan 07 07:15:00 PST 2016,2,3,NA
Thu Jan 07 07:15:00 PST 2016,3,1,51
Thu Jan 07 07:15:00 PST 2016,3,2,11
Thu Jan 07 07:15:00 PST 2016,3,3,38
Thu Jan 07 07:15:00 PST 2016,4,1,73
Thu Jan 07 07:15:00 PST 2016,4,2,11
Thu Jan 07 07:15:00 PST 2016,4,3,79
Thu Jan 07 07:30:00 PST 2016,1,1,56
Thu Jan 07 07:30:00 PST 2016,1,2,11
Thu Jan 07 07:30:00 PST 2016,1,3,77
Thu Jan 07 07:30:00 PST 2016,2,1,43
Thu Jan 07 07:30:00 PST 2016,2,2,11
Thu Jan 07 07:30:00 PST 2016,2,3,40
Thu Jan 07 07:30:00 PST 2016,3,1,69
Thu Jan 07 07:30:00 PST 2016,3,2,11
Thu Jan 07 07:30:00 PST 2016,3,3,26
Thu Jan 07 07:30:00 PST 2016,4,1,11
Thu Jan 07 07:30:00 PST 2016,4,2,138
Thu Jan 07 07:30:00 PST 2016,4,3,26
Thu Jan 07 07:45:00 PST 2016,1,1,5
Thu Jan 07 07:45:00 PST 2016,1,2,11
Thu Jan 07 07:45:00 PST 2016,1,3,19
Thu Jan 07 07:45:00 PST 2016,2,1,63
Thu Jan 07 07:45:00 PST 2016,2,2,11
Thu Jan 07 07:45:00 PST 2016,2,3,73
Thu Jan 07 07:45:00 PST 2016,3,1,97
Thu Jan 07 07:45:00 PST 2016,3,2,11
Thu Jan 07 07:45:00 PST 2016,3,3,65
Thu Jan 07 07:45:00 PST 2016,4,1,3
Thu Jan 07 07:45:00 PST 2016,4,2,11
Thu Jan 07 07:45:00 PST 2016,4,3,16
Thu Jan 07 08:00:00 PST 2016,1,1,64
Thu Jan 07 08:00:00 PST 2016,1,2,11
Thu Jan 07 08:00:00 PST 2016,1,3,83
Thu Jan 07 08:00:00 PST 2016,2,1,47
Thu Jan 07 08:00:00 PST 2016,2,2,11
Thu Jan 07 08:00:00 PST 2016,2,3,2
Thu Jan 07 08:00:00 PST 2016,3,1,54
Thu Jan 07 08:00:00 PST 2016,3,2,11
Thu Jan 07 08:00:00 PST 2016,3,3,91
Thu Jan 07 08:00:00 PST 2016,4,1,90
Thu Jan 07 08:00:00 PST 2016,4,2,11
Thu Jan 07 08:00:00 PST 2016,4,3,29
Thu Jan 07 08:15:00 PST 2016,1,1,2
Thu Jan 07 08:15:00 PST 2016,1,2,11
Thu Jan 07 08:15:00 PST 2016,1,3,41
Thu Jan 07 08:15:00 PST 2016,2,1,86
Thu Jan 07 08:15:00 PST 2016,2,2,11
Thu Jan 07 08:15:00 PST 2016,2,3,39
Thu Jan 07 08:15:00 PST 2016,3,1,22
Thu Jan 07 08:15:00 PST 2016,3,2,11
Thu Jan 07 08:15:00 PST 2016,3,3,93
Thu Jan 07 08:15:00 PST 2016,4,1,17
Thu Jan 07 08:15:00 PST 2016,4,2,11
Thu Jan 07 08:15:00 PST 2016,4,3,72
Thu Jan 07 08:30:00 PST 2016,1,1,51
Thu Jan 07 08:30:00 PST 2016,1,2,12
Thu Jan 07 08:30:00 PST 2016,1,3,51
Thu Jan 07 08:30:00 PST 2016,2,1,63
Thu Jan 07 08:30:00 PST 2016,2,2,12
Thu Jan 07 08:30:00 PST 2016,2,3,50
Thu Jan 07 08:30:00 PST 2016,3,1,41
Thu Jan 07 08:30:00 PST 2016,3,2,12
Thu Jan 07 08:30:00 PST 2016,3,3,46
Thu Jan 07 08:30:00 PST 2016,4,1,11
Thu Jan 07 08:30:00 PST 2016,4,2,12
Thu Jan 07 08:30:00 PST 2016,4,3,73
Thu Jan 07 08:45:00 PST 2016,1,1,38
Thu Jan 07 08:45:00 PST 2016,1,2,12
Thu Jan 07 08:45:00 PST 2016,1,3,94
Thu Jan 07 08:45:00 PST 2016,2,1,80
Thu Jan 07 08:45:00 PST 2016,2,2,173
Thu Jan 07 08:45:00 PST 2016,2,3,7
Thu Jan 07 08:45:00 PST 2016,3,1,46
Thu Jan 07 08:45:00 PST 2016,3,2,12
Thu Jan 07 08:45:00 PST 2016,3,3,82
Thu Jan 07 08:45:00 PST 2016,4,1,89
Thu Jan 07 08:45:00 PST 2016,4,2,12
Thu Jan 07 08:45:00 PST 2016,4,3,71
Thu Jan 07 09:00:00 PST 2016,1,1,53
Thu Jan 07 09:00:00 PST 2016,1,2,12
Thu Jan 07 09:00:00 PST 2016,1,3,63
Thu Jan 07 09:00:00 PST 2016,2,1,47
Thu Jan 07 09:00:00 PST 2016,2,2,12
Thu Jan 07 09:00:00 PST 2016,2,3,43
Thu Jan 07 09:00:00 PST 2016,3,1,78
Thu Jan 07 09:00:00 PST 2016,3,2,12
Thu Jan 07 09:00:00 PST 2016,3,3,60
Thu Jan 07 09:00:00 PST 2016,4,1,75
Thu Jan 07 09:00:00 PST 2016,4,2,12
Thu Jan 07 09:00:00 PST 2016,4,3,94
Thu Jan 07 09:15:00 PST 2016,1,1,-4
Thu Jan 07 09:15:00 PST 2016,1,2,12
Thu Jan 07 09:15:00 PST 2016,1,3,45
Thu Jan 07 09:15:00 PST 2016,2,1,82
Thu Jan 07 09:15:00 PST 2016,2,2,12
Thu Jan 07 09:15:00 PST 2016,2,3,75
Thu Jan 07 09:15:00 PST 2016,3,1,36
Thu Jan 07 09:15:00 PST 2016,3,2,12
Thu Jan 07 09:15:00 PST 2016,3,3,33
Thu Jan 07 09:15:00 PST 2016,4,1,72
Thu Jan 07 09:15:00 PST 2016,4,2,12
Thu Jan 07 09:15:00 PST 2016,4,3,74
Thu Jan 07 09:30:00 PST 2016,1,1,39
Thu Jan 07 09:30:00 PST 2016,1,2,12
Thu Jan 07 09:30:00 PST 2016,1,3,72
Thu Jan 07 09:30:00 PST 2016,2,1,52
Thu Jan 07 09:30:00 PST 2016,2,2,12
Thu Jan 07 09:30:00 PST 2016,2,3,6
Thu Jan 07 09:30:00 PST 2016,3,1,56
Thu Jan 07 09:30:00 PST 2016,3,2,12
Thu Jan 07 09:30:00 PST 2016,3,3,20
Thu Jan 07 09:30:00 PST 2016,4,1,75
Thu Jan 07 09:30:00 PST 2016,4,2,12
Thu Jan 07 09:30:00 PST 2016,4,3,-50
Thu Jan 07 09:45:00 PST 2016,1,1,82
Thu Jan 07 09:45:00 PST 2016,1,2,167
Thu Jan 07 09:45:00 PST 2016,1,3,11
Thu Jan 07 09:45:00 PST 2016,2,1,16
Thu Jan 07 09:45:00 PST 2016,2,2,13
Thu Jan 07 09:45:00 PST 2016,2,3,8
Thu Jan 07 09:45:00 PST 2016,3,1,34
Thu Jan 07 09:45:00 PST 2016,3,2,13
Thu Jan 07 09:45:00 PST 2016,3,3,84
Thu Jan 07 09:45:00 PST 2016,4,1,6
Thu Jan 07 09:45:00 PST 2016,4,2,13
Thu Jan 07 09:45:00 PST 2016,4,3,NA
Thu Jan 07 10:00:00 PST 2016,1,1,83
Thu Jan 07 10:00:00 PST 2016,1,2,13
Thu Jan 07 10:00:00 PST 2016,1,3,15
Thu Jan 07 10:00:00 PST 2016,2,1,69
Thu Jan 07 10:00:00 PST 2016,2,2,13
Thu Jan 07 10:00:00 PST 2016,2,3,17
Thu Jan 07 10:00:00 PST 2016,3,1,28
Thu Jan 07 10:00:00 PST 2016,3,2,13
Thu Jan 07 10:00:00 PST 2016,3,3,29
Thu Jan 07 10:00:00 PST 2016,4,1,40
Thu Jan 07 10:00:00 PST 2016,4,2,13
Thu Jan 07 10:00:00 PST 2016,4,3,70
Thu Jan 07 10:15:00 PST 2016,1,1,29
Thu Jan 07 10:15:00 PST 2016,1,2,NA
Thu Jan 07 10:15:00 PST 2016,1,3,NA
Thu Jan 07 10:15:00 PST 2016,2,1,11
Thu Jan 07 10:15:00 PST 2016,2,2,13
Thu Jan 07 10:15:00 PST 2016,2,3,-77
Thu Jan 07 10:15:00 PST 2016,3,1,18
Thu Jan 07 10:15:00 PST 2016,3,2,13
Thu Jan 07 10:15:00 PST 2016,3,3,33
Thu Jan 07 10:15:00 PST 2016,4,1,39
Thu Jan 07 10:15:00 PST 2016,4,2,13
Thu Jan 07 10:15:00 PST 2016,4,3,3
Thu Jan 07 10:30:00 PST 2016,1,1,80
Thu Jan 07 10:30:00 PST 2016,1,2,13
Thu Jan 07 10:30:00 PST 2016,1,3,51
Thu Jan 07 10:30:00 PST 2016,2,1,80
Thu Jan 07 10:30:00 PST 2016,2,2,13
Thu Jan 07 10:30:00 PST 2016,2,3,NA
Thu Jan 07 10:30:00 PST 2016,3,1,NA
Thu Jan 07 10:30:00 PST 2016,3,2,13
Thu Jan 07 10:30:00 PST 2016,3,3,45
Thu Jan 07 10:30:00 PST 2016,4,1,66
Thu Jan 07 10:30:00 PST 2016,4,2,13
Thu Jan 07 10:30:00 PST 2016,4,3,57
Thu Jan 07 10:45:00 PST 2016,1,1,90
Thu Jan 07 10:45:00 PST 2016,1,2,13
Thu Jan 07 10:45:00 PST 2016,1,3,67
Thu Jan 07 10:45:00 PST 2016,2,1,96
Thu Jan 07 10:45:00 PST 2016,2,2,13
Thu Jan 07 10:45:00 PST 2016,2,3,25
Thu Jan 07 10:45:00 PST 2016,3,1,33
Thu Jan 07 10:45:00 PST 2016,3,2,NA
Thu Jan 07 10:45:00 PST 2016,3,3,32
Thu Jan 07 10:45:00 PST 2016,4,1,17
Thu Jan 07 10:45:00 PST 2016,4,2,13
Thu Jan 07 10:45:00 PST 2016,4,3,25
Thu Jan 07 11:00:00 PST 2016,1,1,62
Thu Jan 07 11:00:00 PST 2016,1,2,NA
Thu Jan 07 11:00:00 PST 2016,1,3,80
Thu Jan 07 11:00:00 PST 2016,2,1,16
Thu Jan 07 11:00:00 PST 2016,2,2,14
Thu Jan 07 11:00:00 PST 2016,2,3,80
Thu Jan 07 11:00:00 PST 2016,3,1,NA
Thu Jan 07 11:00:00 PST 2016,3,2,NA
Thu Jan 07 11:00:00 PST 2016,3,3,88
Thu Jan 07 11:00:00 PST 2016,4,1,20
Thu Jan 07 11:00:00 PST 2016,4,2,14
Thu Jan 07 11:00:00 PST 2016,4,3,65
Thu Jan 07 11:15:00 PST 2016,1,1,28
Thu Jan 07 11:15:00 PST 2016,1,2,14
Thu Jan 07 11:15:00 PST 2016,1,3,26
Thu Jan 07 11:15:00 PST 2016,2,1,5
Thu Jan 07 11:15:00 PST 2016,2,2,14
Thu Jan 07 11:15:00 PST 2016,2,3,NA
Thu Jan 07 11:15:00 PST 2016,3,1,97
Thu Jan 07 11:15:00 PST 2016,3,2,14
Thu Jan 07 11:15:00 PST 2016,3,3,2
Thu Jan 07 11:15:00 PST 2016,4,1,80
Thu Jan 07 11:15:00 PST 2016,4,2,NA
Thu Jan 07 11:15:00 PST 2016,4,3,17
Thu Jan 07 11:30:00 PST 2016,1,1,90
Thu Jan 07 11:30:00 PST 2016,1,2,14
Thu Jan 07 11:30:00 PST 2016,1,3,21
Thu Jan 07 11:30:00 PST 2016,2,1,76
Thu Jan 07 11:30:00 PST 2016,2,2,14
Thu Jan 07 11:30:00 PST 2016,2,3,63
Thu Jan 07 11:30:00 PST 2016,3,1,47
Thu Jan 07 11:30:00 PST 2016,3,2,14
Thu Jan 07 11:30:00 PST 2016,3,3,50
Thu Jan 07 11:30:00 PST 2016,4,1,58
Thu Jan 07 11:30:00 PST 2016,4,2,14
Thu Jan 07 11:30:00 PST 2016,4,3,4
Thu Jan 07 11:45:00 PST 2016,1,1,93
Thu Jan 07 11:45:00 PST 2016,1,2,14
Thu Jan 07 11:45:00 PST 2016,1,3,13
Thu Jan 07 11:45:00 PST 2016,2,1,32
Thu Jan 07 11:45:00 PST 2016,2,2,14
Thu Jan 07 11:45:00 PST 2016,2,3,63
Thu Jan 07 11:45:00 PST 2016,3,1,74
Thu Jan 07 11:45:00 PST 2016,3,2,14
Thu Jan 07 11:45:00 PST 2016,3,3,36
Thu Jan 07 11:45:00 PST 2016,4,1,5
Thu Jan 07 11:45:00 PST 2016,4,2,14
Thu Jan 07 11:45:00 PST 2016,4,3,16
Thu Jan 07 12:00:00 PST 2016,1,1,17
Thu Jan 07 12:00:00 PST 2016,1,2,14
Thu Jan 07 12:00:00 PST 2016,1,3,53
Thu Jan 07 12:00:00 PST 2016,2,1,68
Thu Jan 07 12:00:00 PST 2016,2,2,14
Thu Jan 07 12:00:00 PST 2016,2,3,12
Thu Jan 07 12:00:00 PST 2016,3,1,95
Thu Jan 07 12:00:00 PST 2016,3,2,NA
Thu Jan 07 12:00:00 PST 2016,3,3,15
Thu Jan 07 12:00:00 PST 2016,4,1,74
Thu Jan 07 12:00:00 PST 2016,4,2,14
Thu Jan 07 12:00:00 PST 2016,4,3,73
Thu Jan 07 12:15:00 PST 2016,1,1,86
Thu Jan 07 12:15:00 PST 2016,1,2,15
Thu Jan 07 12:15:00 PST 2016,1,3,48
Thu Jan 07 12:15:00 PST 2016,2,1,15
Thu Jan 07 12:15:00 PST 2016,2,2,15
Thu Jan 07 12:15:00 PST 2016,2,3,96
Thu Jan 07 12:15:00 PST 2016,3,1,22
Thu Jan 07 12:15:00 PST 2016,3,2,15
Thu Jan 07 12:15:00 PST 2016,3,3,73
Thu Jan 07 12:15:00 PST 2016,4,1,34
Thu Jan 07 12:15:00 PST 2016,4,2,15
Thu Jan 07 12:15:00 PST 2016,4,3,2
Thu Jan 07 12:30:00 PST 2016,1,1,9
Thu Jan 07 12:30:00 PST 2016,1,2,15
Thu Jan 07 12:30:00 PST 2016,1,3,55
Thu Jan 07 12:30:00 PST 2016,2,1,30
Thu Jan 07 12:30:00 PST 2016,2,2,151
Thu Jan 07 12:30:00 PST 2016,2,3,59
Thu Jan 07 12:30:00 PST 2016,3,1,15
Thu Jan 07 12:30:00 PST 2016,3,2,15
Thu Jan 07 12:30:00 PST 2016,3,3,69
Thu Jan 07 12:30:00 PST 2016,4,1,3
Thu Jan 07 12:30:00 PST 2016,4,2,15
Thu Jan 07 12:30:00 PST 2016,4,3,67
Thu Jan 07 12:45:00 PST 2016,1,1,61
Thu Jan 07 12:45:00 PST 2016,1,2,15
Thu Jan 07 12:45:00 PST 2016,1,3,21
Thu Jan 07 12:45:00 PST 2016,2,1,NA
Thu Jan 07 12:45:00 PST 2016,2,2,15
Thu Jan 07 12:45:00 PST 2016,2,3,76
Thu Jan 07 12:45:00 PST 2016,3,1,19
Thu Jan 07 12:45:00 PST 2016,3,2,15
Thu Jan 07 12:45:00 PST 2016,3,3,44
Thu Jan 07 12:45:00 PST 2016,4,1,36
Thu Jan 07 12:45:00 PST 2016,4,2,15
Thu Jan 07 12:45:00 PST 2016,4,3,97
Thu Jan 07 13:00:00 PST 2016,1,1,61
Thu Jan 07 13:00:00 PST 2016,1,2,15
Thu Jan 07 13:00:00 PST 2016,1,3,65
Thu Jan 07 13:00:00 PST 2016,2,1,19
Thu Jan 07 13:00:00 PST 2016,2,2,15
Thu Jan 07 13:00:00 PST 2016,2,3,4
Thu Jan 07 13:00:00 PST 2016,3,1,71
Thu Jan 07 13:00:00 PST 2016,3,2,15
Thu Jan 07 13:00:00 PST 2016,3,3,15
Thu Jan 07 13:00:00 PST 2016,4,1,20
Thu Jan 07 13:00:00 PST 2016,4,2,15
Thu Jan 07 13:00:00 PST 2016,4,3,86
Thu Jan 07 13:15:00 PST 2016,1,1,91
Thu Jan 07 13:15:00 PST 2016,1,2,15
Thu Jan 07 13:15:00 PST 2016,1,3,11
Thu Jan 07 13:15:00 PST 2016,2,1,25
Thu Jan 07 13:15:00 PST 2016,2,2,15
Thu Jan 07 13:15:00 PST 2016,2,3,50
Thu Jan 07 13:15:00 PST 2016,3,1,17
Thu Jan 07 13:15:00 PST 2016,3,2,15
Thu Jan 07 13:15:00 PST 2016,3,3,149
Thu Jan 07 13:15:00 PST 2016,4,1,7
Thu Jan 07 13:15:00 PST 2016,4,2,15
Thu Jan 07 13:15:00 PST 2016,4,3,12
Thu Jan 07 13:30:00 PST 2016,1,1,70
Thu Jan 07 13:30:00 PST 2016,1,2,16
Thu Jan 07 13:30:00 PST 2016,1,3,67
Thu Jan 07 13:30:00 PST 2016,2,1,64
Thu Jan 07 13:30:00 PST 2016,2,2,16
Thu Jan 07 13:30:00 PST 2016,2,3,60
Thu Jan 07 13:30:00 PST 2016,3,1,-88
Thu Jan 07 13:30:00 PST 2016,3,2,16
Thu Jan 07 13:30:00 PST 2016,3,3,93
Thu Jan 07 13:30:00 PST 2016,4,1,0
Thu Jan 07 13:30:00 PST 2016,4,2,NA
Thu Jan 07 13:30:00 PST 2016,4,3,75
Thu Jan 07 13:45:00 PST 2016,1,1,46
Thu Jan 07 13:45:00 PST 2016,1,2,16
Thu Jan 07 13:45:00 PST 2016,1,3,9
Thu Jan 07 13:45:00 PST 2016,2,1,69
Thu Jan 07 13:45:00 PST 2016,2,2,16
Thu Jan 07 13:45:00 PST 2016,2,3,83
Thu Jan 07 13:45:00 PST 2016,3,1,80
Thu Jan 07 13:45:00 PST 2016,3,2,16
Thu Jan 07 13:45:00 PST 2016,3,3,61
Thu Jan 07 13:45:00 PST 2016,4,1,47
Thu Jan 07 13:45:00 PST 2016,4,2,16
Thu Jan 07 13:45:00 PST 2016,4,3,NA
Thu Jan 07 14:00:00 PST 2016,1,1,78
Thu Jan 07 14:00:00 PST 2016,1,2,16
Thu Jan 07 14:00:00 PST 2016,1,3,79
Thu Jan 07 14:00:00 PST 2016,2,1,80
Thu Jan 07 14:00:00 PST 2016,2,2,16
Thu Jan 07 14:00:00 PST 2016,2,3,62
Thu Jan 07 14:00:00 PST 2016,3,1,40
Thu Jan 07 14:00:00 PST 2016,3,2,16
Thu Jan 07 14:00:00 PST 2016,3,3,41
Thu Jan 07 14:00:00 PST 2016,4,1,23
Thu Jan 07 14:00:00 PST 2016,4,2,16
Thu Jan 07 14:00:00 PST 2016,4,3,89
Thu Jan 07 14:15:00 PST 2016,1,1,25
Thu Jan 07 14:15:00 PST 2016,1,2,16
Thu Jan 07 14:15:00 PST 2016,1,3,54
Thu Jan 07 14:15:00 PST 2016,2,1,94
Thu Jan 07 14:15:00 PST 2016,2,2,16
Thu Jan 07 14:15:00 PST 2016,2,3,60
Thu Jan 07 14:15:00 PST 2016,3,1,72
Thu Jan 07 14:15:00 PST 2016,3,2,16
Thu Jan 07 14:15:00 PST 2016,3,3,88
Thu Jan 07 14:15:00 PST 2016,4,1,44
Thu Jan 07 14:15:00 PST 2016,4,2,16
Thu Jan 07 14:15:00 PST 2016,4,3,64
Thu Jan 07 14:30:00 PST 2016,1,1,85
Thu Jan 07 14:30:00 PST 2016,1,2,16
Thu Jan 07 14:30:00 PST 2016,1,3,NA
Thu Jan 07 14:30:00 PST 2016,2,1,47
Thu Jan 07 14:30:00 PST 2016,2,2,16
Thu Jan 07 14:30:00 PST 2016,2,3,7
Thu Jan 07 14:30:00 PST 2016,3,1,51
Thu Jan 07 14:30:00 PST 2016,3,2,16
Thu Jan 07 14:30:00 PST 2016,3,3,18
Thu Jan 07 14:30:00 PST 2016,4,1,89
Thu Jan 07 14:30:00 PST 2016,4,2,173
Thu Jan 07 14:30:00 PST 2016,4,3,6
Thu Jan 07 14:45:00 PST 2016,1,1,4
Thu Jan 07 14:45:00 PST 2016,1,2,17
Thu Jan 07 14:45:00 PST 2016,1,3,77
Thu Jan 07 14:45:00 PST 2016,2,1,200
Thu Jan 07 14:45:00 PST 2016,2,2,17
Thu Jan 07 14:45:00 PST 2016,2,3,49
Thu Jan 07 14:45:00 PST 2016,3,1,25
Thu Jan 07 14:45:00 PST 2016,3,2,17
Thu Jan 07 14:45:00 PST 2016,3,3,91
Thu Jan 07 14:45:00 PST 2016,4,1,48
Thu Jan 07 14:45:00 PST 2016,4,2,17
Thu Jan 07 14:45:00 PST 2016,4,3,54
Thu Jan 07 15:00:00 PST 2016,1,1,80
Thu Jan 07 15:00:00 PST 2016,1,2,17
Thu Jan 07 15:00:00 PST 2016,1,3,86
Thu Jan 07 15:00:00 PST 2016,2,1,52
Thu Jan 07 15:00:00 PST 2016,2,2,-86
Thu Jan 07 15:00:00 PST 2016,2,3,77
Thu Jan 07 15:00:00 PST 2016,3,1,3
Thu Jan 07 15:00:00 PST 2016,3,2,168
Thu Jan 07 15:00:00 PST 2016,3,3,28
Thu Jan 07 15:00:00 PST 2016,4,1,84
Thu Jan 07 15:00:00 PST 2016,4,2,17
Thu Jan 07 15:00:00 PST 2016,4,3,62
Thu Jan 07 15:15:00 PST 2016,1,1,36
Thu Jan 07 15:15:00 PST 2016,1,2,17
Thu Jan 07 15:15:00 PST 2016,1,3,94
Thu Jan 07 15:15:00 PST 2016,2,1,10
Thu Jan 07 15:15:00 PST 2016,2,2,17
Thu Jan 07 15:15:00 PST 2016,2,3,NA
Thu Jan 07 15:15:00 PST 2016,3,1,163
Thu Jan 07 15:15:00 PST 2016,3,2,17
Thu Jan 07 15:15:00 PST 2016,3,3,143
Thu Jan 07 15:15:00 PST 2016,4,1,98
Thu Jan 07 15:15:00 PST 2016,4,2,-72
Thu Jan 07 15:15:00 PST 2016,4,3,19
Thu Jan 07 15:30:00 PST 2016,1,1,33
Thu Jan 07 15:30:00 PST 2016,1,2,17
Thu Jan 07 15:30:00 PST 2016,1,3,14
Thu Jan 07 15:30:00 PST 2016,2,1,126
Thu Jan 07 15:30:00 PST 2016,2,2,17
Thu Jan 07 15:30:00 PST 2016,2,3,44
Thu Jan 07 15:30:00 PST 2016,3,1,57
Thu Jan 07 15:30:00 PST 2016,3,2,17
Thu Jan 07 15:30:00 PST 2016,3,3,95
Thu Jan 07 15:30:00 PST 2016,4,1,45
Thu Jan 07 15:30:00 PST 2016,4,2,17
Thu Jan 07 15:30:00 PST 2016,4,3,78
Thu Jan 07 15:45:00 PST 2016,1,1,NA
Thu Jan 07 15:45:00 PST 2016,1,2,17
Thu Jan 07 15:45:00 PST 2016,1,3,30
Thu Jan 07 15:45:00 PST 2016,2,1,95
Thu Jan 07 15:45:00 PST 2016,2,2,17
Thu Jan 07 15:45:00 PST 2016,2,3,NA
Thu Jan 07 15:45:00 PST 2016,3,1,16
Thu Jan 07 15:45:00 PST 2016,3,2,NA
Thu Jan 07 15:45:00 PST 2016,3,3,18
Thu Jan 07 15:45:00 PST 2016,4,1,24
Thu Jan 07 15:45:00 PST 2016,4,2,17
Thu Jan 07 15:45:00 PST 2016,4,3,27
Thu Jan 07 16:00:00 PST 2016,1,1,58
Thu Jan 07 16:00:00 PST 2016,1,2,18
Thu Jan 07 16:00:00 PST 2016,1,3,13
Thu Jan 07 16:00:00 PST 2016,2,1,15
Thu Jan 07 16:00:00 PST 2016,2,2,18
Thu Jan 07 16:00:00 PST 2016,2,3,100
Thu Jan 07 16:00:00 PST 2016,3,1,94
Thu Jan 07 16:00:00 PST 2016,3,2,NA
Thu Jan 07 16:00:00 PST 2016,3,3,23
Thu Jan 07 16:00:00 PST 2016,4,1,84
Thu Jan 07 16:00:00 PST 2016,4,2,18
Thu Jan 07 16:00:00 PST 2016,4,3,9
Thu Jan 07 16:15:00 PST 2016,1,1,90
Thu Jan 07 16:15:00 PST 2016,1,2,18
Thu Jan 07 16:15:00 PST 2016,1,3,61
Thu Jan 07 16:15:00 PST 2016,2,1,NA
Thu Jan 07 16:15:00 PST 2016,2,2,18
Thu Jan 07 16:15:00 PST 2016,2,3,64
Thu Jan 07 16:15:00 PST 2016,3,1,72
Thu Jan 07 16:15:00 PST 2016,3,2,18
Thu Jan 07 16:15:00 PST 2016,3,3,NA
Thu Jan 07 16:15:00 PST 2016,4,1,7
Thu Jan 07 16:15:00 PST 2016,4,2,18
Thu Jan 07 16:15:00 PST 2016,4,3,124
Thu Jan 07 16:30:00 PST 2016,1,1,4
Thu Jan 07 16:30:00 PST 2016,1,2,18
Thu Jan 07 16:30:00 PST 2016,1,3,98
Thu Jan 07 16:30:00 PST 2016,2,1,25
Thu Jan 07 16:30:00 PST 2016,2,2,18
Thu Jan 07 16:30:00 PST 2016,2,3,88
Thu Jan 07 16:30:00 PST 2016,3,1,77
Thu Jan 07 16:30:00 PST 2016,3,2,18
Thu Jan 07 16:30:00 PST 2016,3,3,83
Thu Jan 07 16:30:00 PST 2016,4,1,59
Thu Jan 07 16:30:00 PST 2016,4,2,18
Thu Jan 07 16:30:00 PST 2016,4,3,23
Thu Jan 07 16:45:00 PST 2016,1,1,48
Thu Jan 07 16:45:00 PST 2016,1,2,18
Thu Jan 07 16:45:00 PST 2016,1,3,22
Thu Jan 07 16:45:00 PST 2016,2,1,9
Thu Jan 07 16:45:00 PST 2016,2,2,18
Thu Jan 07 16:45:00 PST 2016,2,3,73
Thu Jan 07 16:45:00 PST 2016,3,1,54
Thu Jan 07 16:45:00 PST 2016,3,2,18
Thu Jan 07 16:45:00 PST 2016,3,3,51
Thu Jan 07 16:45:00 PST 2016,4,1,33
Thu Jan 07 16:45:00 PST 2016,4,2,18
Thu Jan 07 16:45:00 PST 2016,4,3,58
Thu Jan 07 17:00:00 PST 2016,1,1,78
Thu Jan 07 17:00:00 PST 2016,1,2,18
Thu Jan 07 17:00:00 PST 2016,1,3,77
Thu Jan 07 17:00:00 PST 2016,2,1,77
Thu Jan 07 17:00:00 PST 2016,2,2,18
Thu Jan 07 17:00:00 PST 2016,2,3,35
Thu Jan 07 17:00:00 PST 2016,3,1,125
Thu Jan 07 17:00:00 PST 2016,3,2,172
Thu Jan 07 17:00:00 PST 2016,3,3,14
Thu Jan 07 17:00:00 PST 2016,4,1,-10
Thu Jan 07 17:00:00 PST 2016,4,2,NA
Thu Jan 07 17:00:00 PST 2016,4,3,100
Thu Jan 07 17:15:00 PST 2016,1,1,41
Thu Jan 07 17:15:00 PST 2016,1,2,155
Thu Jan 07 17:15:00 PST 2016,1,3,174
Thu Jan 07 17:15:00 PST 2016,2,1,4
Thu Jan 07 17:15:00 PST 2016,2,2,19
Thu Jan 07 17:15:00 PST 2016,2,3,24
Thu Jan 07 17:15:00 PST 2016,3,1,77
Thu Jan 07 17:15:00 PST 2016,3,2,19
Thu Jan 07 17:15:00 PST 2016,3,3,60
Thu Jan 07 17:15:00 PST 2016,4,1,41
Thu Jan 07 17:15:00 PST 2016,4,2,19
Thu Jan 07 17:15:00 PST 2016,4,3,41
Thu Jan 07 17:30:00 PST 2016,1,1,100
Thu Jan 07 17:30:00 PST 2016,1,2,19
Thu Jan 07 17:30:00 PST 2016,1,3,83
Thu Jan 07 17:30:00 PST 2016,2,1,96
Thu Jan 07 17:30:00 PST 2016,2,2,19
Thu Jan 07 17:30:00 PST 2016,2,3,90
Thu Jan 07 17:30:00 PST 2016,3,1,18
Thu Jan 07 17:30:00 PST 2016,3,2,19
Thu Jan 07 17:30:00 PST 2016,3,3,-38
Thu Jan 07 17:30:00 PST 2016,4,1,61
Thu Jan 07 17:30:00 PST 2016,4,2,19
Thu Jan 07 17:30:00 PST 2016,4,3,-1
Thu Jan 07 17:45:00 PST 2016,1,1,18
Thu Jan 07 17:45:00 PST 2016,1,2,19
Thu Jan 07 17:45:00 PST 2016,1,3,82
Thu Jan 07 17:45:00 PST 2016,2,1,26
Thu Jan 07 17:45:00 PST 2016,2,2,19
Thu Jan 07 17:45:00 PST 2016,2,3,3
Thu Jan 07 17:45:00 PST 2016,3,1,83
Thu Jan 07 17:45:00 PST 2016,3,2,19
Thu Jan 07 17:45:00 PST 2016,3,3,95
Thu Jan 07 17:45:00 PST 2016,4,1,23
Thu Jan 07 17:45:00 PST 2016,4,2,19
Thu Jan 07 17:45:00 PST 2016,4,3,32
Thu Jan 07 18:00:00 PST 2016,1,1,59
Thu Jan 07 18:00:00 PST 2016,1,2,19
Thu Jan 07 18:00:00 PST 2016,1,3,113
Thu Jan 07 18:00:00 PST 2016,2,1,84
Thu Jan 07 18:00:00 PST 2016,2,2,19
Thu Jan 07 18:00:00 PST 2016,2,3,NA
Thu Jan 07 18:00:00 PST 2016,3,1,51
Thu Jan 07 18:00:00 PST 2016,3,2,19
Thu Jan 07 18:00:00 PST 2016,3,3,27
Thu Jan 07 18:00:00 PST 2016,4,1,57
Thu Jan 07 18:00:00 PST 2016,4,2,19
Thu Jan 07 18:00:00 PST 2016,4,3,13
Thu Jan 07 18:15:00 PST 2016,1,1,40
Thu Jan 07 18:15:00 PST 2016,1,2,NA
Thu Jan 07 18:15:00 PST 2016,1,3,72
Thu Jan 07 18:15:00 PST 2016,2,1,7
Thu Jan 07 18:15:00 PST 2016,2,2,19
Thu Jan 07 18:15:00 PST 2016,2,3,54
Thu Jan 07 18:15:00 PST 2016,3,1,43
Thu Jan 07 18:15:00 PST 2016,3,2,19
Thu Jan 07 18:15:00 PST 2016,3,3,94
Thu Jan 07 18:15:00 PST 2016,4,1,13
Thu Jan 07 18:15:00 PST 2016,4,2,19
Thu Jan 07 18:15:00 PST 2016,4,3,67
Thu Jan 07 18:30:00 PST 2016,1,1,26
Thu Jan 07 18:30:00 PST 2016,1,2,20
Thu Jan 07 18:30:00 PST 2016,1,3,NA
Thu Jan 07 18:30:00 PST 2016,2,1,6
Thu Jan 07 18:30:00 PST 2016,2,2,20
Thu Jan 07 18:30:00 PST 2016,2,3,63
Thu Jan 07 18:30:00 PST 2016,3,1,66
Thu Jan 07 18:30:00 PST 2016,3,2,20
Thu Jan 07 18:30:00 PST 2016,3,3,79
Thu Jan 07 18:30:00 PST 2016,4,1,48
Thu Jan 07 18:30:00 PST 2016,4,2,20
Thu Jan 07 18:30:00 PST 2016,4,3,65
Thu Jan 07 18:45:00 PST 2016,1,1,129
Thu Jan 07 18:45:00 PST 2016,1,2,20
Thu Jan 07 18:45:00 PST 2016,1,3,84
Thu Jan 07 18:45:00 PST 2016,2,1,6
Thu Jan 07 18:45:00 PST 2016,2,2,20
Thu Jan 07 18:45:00 PST 2016,2,3,34
Thu Jan 07 18:45:00 PST 2016,3,1,37
Thu Jan 07 18:45:00 PST 2016,3,2,20
Thu Jan 07 18:45:00 PST 2016,3,3,87
Thu Jan 07 18:45:00 PST 2016,4,1,22
Thu Jan 07 18:45:00 PST 2016,4,2,20
Thu Jan 07 18:45:00 PST 2016,4,3,90
Thu Jan 07 19:00:00 PST 2016,1,1,9
Thu Jan 07 19:00:00 PST 2016,1,2,20
Thu Jan 07 19:00:00 PST 2016,1,3,27
Thu Jan 07 19:00:00 PST 2016,2,1,43
Thu Jan 07 19:00:00 PST 2016,2,2,20
Thu Jan 07 19:00:00 PST 2016,2,3,33
Thu Jan 07 19:00:00 PST 2016,3,1,5
Thu Jan 07 19:00:00 PST 2016,3,2,20
Thu Jan 07 19:00:00 PST 2016,3,3,24
Thu Jan 07 19:00:00 PST 2016,4,1,84
Thu Jan 07 19:00:00 PST 2016,4,2,20
Thu Jan 07 19:00:00 PST 2016,4,3,61
Thu Jan 07 19:15:00 PST 2016,1,1,7
Thu Jan 07 19:15:00 PST 2016,1,2,20
Thu Jan 07 19:15:00 PST 2016,1,3,80
Thu Jan 07 19:15:00 PST 2016,2,1,76
Thu Jan 07 19:15:00 PST 2016,2,2,20
Thu Jan 07 19:15:00 PST 2016,2,3,75
Thu Jan 07 19:15:00 PST 2016,3,1,49
Thu Jan 07 19:15:00 PST 2016,3,2,20
Thu Jan 07 19:15:00 PST 2016,3,3,46
Thu Jan 07 19:15:00 PST 2016,4,1,28
Thu Jan 07 19:15:00 PST 2016,4,2,20
Thu Jan 07 19:15:00 PST 2016,4,3,77
Thu Jan 07 19:30:00 PST 2016,1,1,16
Thu Jan 07 19:30:00 PST 2016,1,2,20
Thu Jan 07 19:30:00 PST 2016,1,3,15
Thu Jan 07 19:30:00 PST 2016,2,1,82
Thu Jan 07 19:30:00 PST 2016,2,2,20
Thu Jan 07 19:30:00 PST 2016,2,3,6
Thu Jan 07 19:30:00 PST 2016,3,1,92
Thu Jan 07 19:30:00 PST 2016,3,2,20
Thu Jan 07 19:30:00 PST 2016,3,3,96
Thu Jan 07 19:30:00 PST 2016,4,1,3
Thu Jan 07 19:30:00 PST 2016,4,2,20
Thu Jan 07 19:30:00 PST 2016,4,3,54
Thu Jan 07 19:45:00 PST 2016,1,1,29
Thu Jan 07 19:45:00 PST 2016,1,2,21
Thu Jan 07 19:45:00 PST 2016,1,3,82
Thu Jan 07 19:45:00 PST 2016,2,1,149
Thu Jan 07 19:45:00 PST 2016,2,2,21
Thu Jan 07 19:45:00 PST 2016,2,3,31
Thu Jan 07 19:45:00 PST 2016,3,1,16
Thu Jan 07 19:45:00 PST 2016,3,2,21
Thu Jan 07 19:45:00 PST 2016,3,3,NA
Thu Jan 07 19:45:00 PST 2016,4,1,NA
Thu Jan 07 19:45:00 PST 2016,4,2,21
Thu Jan 07 19:45:00 PST 2016,4,3,54
Thu Jan 07 20:00:00 PST 2016,1,1,86
Thu Jan 07 20:00:00 PST 2016,1,2,21
Thu Jan 07 20:00:00 PST 2016,1,3,98
Thu Jan 07 20:00:00 PST 2016,2,1,NA
Thu Jan 07 20:00:00 PST 2016,2,2,21
Thu Jan 07 20:00:00 PST 2016,2,3,78
Thu Jan 07 20:00:00 PST 2016,3,1,83
Thu Jan 07 20:00:00 PST 2016,3,2,21
Thu Jan 07 20:00:00 PST 2016,3,3,1
Thu Jan 07 20:00:00 PST 2016,4,1,76
Thu Jan 07 20:00:00 PST 2016,4,2,21
Thu Jan 07 20:00:00 PST 2016,4,3,6
Thu Jan 07 20:15:00 PST 2016,1,1,48
Thu Jan 07 20:15:00 PST 2016,1,2,NA
Thu Jan 07 20:15:00 PST 2016,1,3,80
Thu Jan 07 20:15:00 PST 2016,2,1,10
Thu Jan 07 20:15:00 PST 2016,2,2,21
Thu Jan 07 20:15:00 PST 2016,2,3,33
Thu Jan 07 20:15:00 PST 2016,3,1,29
Thu Jan 07 20:15:00 PST 2016,3,2,21
Thu Jan 07 20:15:00 PST 2016,3,3,33
Thu Jan 07 20:15:00 PST 2016,4,1,90
Thu Jan 07 20:15:00 PST 2016,4,2,21
Thu Jan 07 20:15:00 PST 2016,4,3,59
Thu Jan 07 20:30:00 PST 2016,1,1,50
Thu Jan 07 20:30:00 PST 2016,1,2,21
Thu Jan 07 20:30:00 PST 2016,1,3,57
Thu Jan 07 20:30:00 PST 2016,2,1,18
Thu Jan 07 20:30:00 PST 2016,2,2,21
Thu Jan 07 20:30:00 PST 2016,2,3,79
Thu Jan 07 20:30:00 PST 2016,3,1,69
Thu Jan 07 20:30:00 PST 2016,3,2,NA
Thu Jan 07 20:30:00 PST 2016,3,3,24
Thu Jan 07 20:30:00 PST 2016,4,1,21
Thu Jan 07 20:30:00 PST 2016,4,2,21
Thu Jan 07 20:30:00 PST 2016,4,3,34
Thu Jan 07 20:45:00 PST 2016,1,1,81
Thu Jan 07 20:45:00 PST 2016,1,2,21
Thu Jan 07 20:45:00 PST 2016,1,3,31
Thu Jan 07 20:45:00 PST 2016,2,1,NA
Thu Jan 07 20:45:00 PST 2016,2,2,NA
Thu Jan 07 20:45:00 PST 2016,2,3,27
Thu Jan 07 20:45:00 PST 2016,3,1,35
Thu Jan 07 20:45:00 PST 2016,3,2,21
Thu Jan 07 20:45:00 PST 2016,3,3,12
Thu Jan 07 20:45:00 PST 2016,4,1,30
Thu Jan 07 20:45:00 PST 2016,4,2,21
Thu Jan 07 20:45:00 PST 2016,4,3,75
Thu Jan 07 21:00:00 PST 2016,1,1,2
Thu Jan 07 21:00:00 PST 2016,1,2,22
Thu Jan 07 21:00:00 PST 2016,1,3,84
Thu Jan 07 21:00:00 PST 2016,2,1,50
Thu Jan 07 21:00:00 PST 2016,2,2,22
Thu Jan 07 21:00:00 PST 2016,2,3,6
Thu Jan 07 21:00:00 PST 2016,3,1,94
Thu Jan 07 21:00:00 PST 2016,3,2,22
Thu Jan 07 21:00:00 PST 2016,3,3,52
Thu Jan 07 21:00:00 PST 2016,4,1,74
Thu Jan 07 21:00:00 PST 2016,4,2,22
Thu Jan 07 21:00:00 PST 2016,4,3,90
Thu Jan 07 21:15:00 PST 2016,1,1,53
Thu Jan 07 21:15:00 PST 2016,1,2,22
Thu Jan 07 21:15:00 PST 2016,1,3,79
Thu Jan 07 21:15:00 PST 2016,2,1,70
Thu Jan 07 21:15:00 PST 2016,2,2,22
Thu Jan 07 21:15:00 PST 2016,2,3,95
Thu Jan 07 21:15:00 PST 2016,3,1,40
Thu Jan 07 21:15:00 PST 2016,3,2,22
Thu Jan 07 21:15:00 PST 2016,3,3,29
Thu Jan 07 21:15:00 PST 2016,4,1,90
Thu Jan 07 21:15:00 PST 2016,4,2,22
Thu Jan 07 21:15:00 PST 2016,4,3,97
Thu Jan 07 21:30:00 PST 2016,1,1,50
Thu Jan 07 21:30:00 PST 2016,1,2,22
Thu Jan 07 21:30:00 PST 2016,1,3,16
Thu Jan 07 21:30:00 PST 2016,2,1,80
Thu Jan 07 21:30:00 PST 2016,2,2,22
Thu Jan 07 21:30:00 PST 2016,2,3,89
Thu Jan 07 21:30:00 PST 2016,3,1,87
Thu Jan 07 21:30:00 PST 2016,3,2,22
Thu Jan 07 21:30:00 PST 2016,3,3,29
Thu Jan 07 21:30:00 PST 2016,4,1,40
Thu Jan 07 21:30:00 PST 2016,4,2,22
Thu Jan 07 21:30:00 PST 2016,4,3,26
Thu Jan 07 21:45:00 PST 2016,1,1,18
Thu Jan 07 21:45:00 PST 2016,1,2,22
Thu Jan 07 21:45:00 PST 2016,1,3,93
Thu Jan 07 21:45:00 PST 2016,2,1,22
Thu Jan 07 21:45:00 PST 2016,2,2,22
Thu Jan 07 21:45:00 PST 2016,2,3,83
Thu Jan 07 21:45:00 PST 2016,3,1,37
Thu Jan 07 21:45:00 PST 2016,3,2,22
Thu Jan 07 21:45:00 PST 2016,3,3,82
Thu Jan 07 21:45:00 PST 2016,4,1,33
Thu Jan 07 21:45:00 PST 2016,4,2,22
Thu Jan 07 21:45:00 PST 2016,4,3,48
Thu Jan 07 22:00:00 PST 2016,1,1,40
Thu Jan 07 22:00:00 PST 2016,1,2,22
Thu Jan 07 22:00:00 PST 2016,1,3,87
Thu Jan 07 22:00:00 PST 2016,2,1,58
Thu Jan 07 22:00:00 PST 2016,2,2,22
Thu Jan 07 22:00:00 PST 2016,2,3,-27
Thu Jan 07 22:00:00 PST 2016,3,1,78
Thu Jan 07 22:00:00 PST 2016,3,2,22
Thu Jan 07 22:00:00 PST 2016,3,3,2
Thu Jan 07 22:00:00 PST 2016,4,1,85
Thu Jan 07 22:00:00 PST 2016,4,2,22
Thu Jan 07 22:00:00 PST 2016,4,3,58
Thu Jan 07 22:15:00 PST 2016,1,1,50
Thu Jan 07 22:15:00 PST 2016,1,2,NA
Thu Jan 07 22:15:00 PST 2016,1,3,38
Thu Jan 07 22:15:00 PST 2016,2,1,65
Thu Jan 07 22:15:00 PST 2016,2,2,23
Thu Jan 07 22:15:00 PST 2016,2,3,30
Thu Jan 07 22:15:00 PST 2016,3,1,NA
Thu Jan 07 22:15:00 PST 2016,3,2,23
Thu Jan 07 22:15:00 PST 2016,3,3,70
Thu Jan 07 22:15:00 PST 2016,4,1,38
Thu Jan 07 22:15:00 PST 2016,4,2,23
Thu Jan 07 22:15:00 PST 2016,4,3,63
Thu Jan 07 22:30:00 PST 2016,1,1,84
Thu Jan 07 22:30:00 PST 2016,1,2,23
Thu Jan 07 22:30:00 PST 2016,1,3,52
Thu Jan 07 22:30:00 PST 2016,2,1,75
Thu Jan 07 22:30:00 PST 2016,2,2,23
Thu Jan 07 22:30:00 PST 2016,2,3,63
Thu Jan 07 22:30:00 PST 2016,3,1,98
Thu Jan 07 22:30:00 PST 2016,3,2,23
Thu Jan 07 22:30:00 PST 2016,3,3,46
Thu Jan 07 22:30:00 PST 2016,4,1,91
Thu Jan 07 22:30:00 PST 2016,4,2,23
Thu Jan 07 22:30:00 PST 2016,4,3,59
Thu Jan 07 22:45:00 PST 2016,1,1,0
Thu Jan 07 22:45:00 PST 2016,1,2,23
Thu Jan 07 22:45:00 PST 2016,1,3,26
Thu Jan 07 22:45:00 PST 2016,2,1,6
Thu Jan 07 22:45:00 PST 2016,2,2,23
Thu Jan 07 22:45:00 PST 2016,2,3,-22
Thu Jan 07 22:45:00 PST 2016,3,1,12
Thu Jan 07 22:45:00 PST 2016,3,2,23
Thu Jan 07 22:45:00 PST 2016,3,3,49
Thu Jan 07 22:45:00 PST 2016,4,1,49
Thu Jan 07 22:45:00 PST 2016,4,2,23
Thu Jan 07 22:45:00 PST 2016,4,3,NA
Thu Jan 07 23:00:00 PST 2016,1,1,67
Thu Jan 07 23:00:00 PST 2016,1,2,23
Thu Jan 07 23:00:00 PST 2016,1,3,51
Thu Jan 07 23:00:00 PST 2016,2,1,7
Thu Jan 07 23:00:00 PST 2016,2,2,NA
Thu Jan 07 23:00:00 PST 2016,2,3,98
Thu Jan 07 23:00:00 PST 2016,3,1,20
Thu Jan 07 23:00:00 PST 2016,3,2,23
Thu Jan 07 23:00:00 PST 2016,3,3,75
Thu Jan 07 23:00:00 PST 2016,4,1,31
Thu Jan 07 23:00:00 PST 2016,4,2,23
Thu Jan 07 23:00:00 PST 2016,4,3,83
Thu Jan 07 23:15:00 PST 2016,1,1,36
Thu Jan 07 23:15:00 PST 2016,1,2,23
Thu Jan 07 23:15:00 PST 2016,1,3,25
Thu Jan 07 23:15:00 PST 2016,2,1,90
Thu Jan 07 23:15:00 PST 2016,2,2,23
Thu Jan 07 23:15:00 PST 2016,2,3,8
Thu Jan 07 23:15:00 PST 2016,3,1,31
Thu Jan 07 23:15:00 PST 2016,3,2,23
Thu Jan 07 23:15:00 PST 2016,3,3,-65
Thu Jan 07 23:15:00 PST 2016,4,1,0
Thu Jan 07 23:15:00 PST 2016,4,2,23
Thu Jan 07 23:15:00 PST 2016,4,3,23
Thu Jan 07 23:30:00 PST 2016,1,1,63
Thu Jan 07 23:30:00 PST 2016,1,2,24
Thu Jan 07 23:30:00 PST 2016,1,3,2
Thu Jan 07 23:30:00 PST 2016,2,1,68
Thu Jan 07 23:30:00 PST 2016,2,2,24
Thu Jan 07 23:30:00 PST 2016,2,3,12
Thu Jan 07 23:30:00 PST 2016,3,1,92
Thu Jan 07 23:30:00 PST 2016,3,2,24
Thu Jan 07 23:30:00 PST 2016,3,3,44
Thu Jan 07 23:30:00 PST 2016,4,1,61
Thu Jan 07 23:30:00 PST 2016,4,2,24
Thu Jan 07 23:30:00 PST 2016,4,3,64
Thu Jan 07 23:45:00 PST 2016,1,1,76
Thu Jan 07 23:45:00 PST 2016,1,2,24
Thu Jan 07 23:45:00 PST 2016,1,3,54
Thu Jan 07 23:45:00 PST 2016,2,1,NA
Thu Jan 07 23:45:00 PST 2016,2,2,24
Thu Jan 07 23:45:00 PST 2016,2,3,7
Thu Jan 07 23:45:00 PST 2016,3,1,59
Thu Jan 07 23:45:00 PST 2016,3,2,24
Thu Jan 07 23:45:00 PST 2016,3,3,46
Thu Jan 07 23:45:00 PST 2016,4,1,75
Thu Jan 07 23:45:00 PST 2016,4,2,24
Thu Jan 07 23:45:00 PST 2016,4,3,67
Fri Jan 08 00:00:00 PST 2016,1,1,49
Fri Jan 08 00:00:00 PST 2016,1,2,24
Fri Jan 08 00:00:00 PST 2016,1,3,7
Fri Jan 08 00:00:00 PST 2016,2,1,NA
Fri Jan 08 00:00:00 PST 2016,2,2,24
Fri Jan 08 00:00:00 PST 2016,2,3,17
Fri Jan 08 00:00:00 PST 2016,3,1,86
Fri Jan 08 00:00:00 PST 2016,3,2,24
Fri Jan 08 00:00:00 PST 2016,3,3,60
Fri Jan 08 00:00:00 PST 2016,4,1,85
Fri Jan 08 00:00:00 PST 2016,4,2,24
Fri Jan 08 00:00:00 PST 2016,4,3,18
Fri Jan 08 00:15:00 PST 2016,1,1,5
Fri Jan 08 00:15:00 PST 2016,1,2,24
Fri Jan 08 00:15:00 PST 2016,1,3,20
Fri Jan 08 00:15:00 PST 2016,2,1,51
Fri Jan 08 00:15:00 PST 2016,2,2,24
Fri Jan 08 00:15:00 PST 2016,2,3,82
Fri Jan 08 00:15:00 PST 2016,3,1,16
Fri Jan 08 00:15:00 PST 2016,3,2,24
Fri Jan 08 00:15:00 PST 2016,3,3,73
Fri Jan 08 00:15:00 PST 2016,4,1,77
Fri Jan 08 00:15:00 PST 2016,4,2,24
Fri Jan 08 00:15:00 PST 2016,4,3,52
Fri Jan 08 00:30:00 PST 2016,1,1,66
Fri Jan 08 00:30:00 PST 2016,1,2,24
Fri Jan 08 00:30:00 PST 2016,1,3,1
Fri Jan 08 00:30:00 PST 2016,2,1,1
Fri Jan 08 00:30:00 PST 2016,2,2,24
Fri Jan 08 00:30:00 PST 2016,2,3,65
Fri Jan 08 00:30:00 PST 2016,3,1,75
Fri Jan 08 00:30:00 PST 2016,3,2,24
Fri Jan 08 00:30:00 PST 2016,3,3,71
Fri Jan 08 00:30:00 PST 2016,4,1,NA
Fri Jan 08 00:30:00 PST 2016,4,2,24
Fri Jan 08 00:30:00 PST 2016,4,3,13
Fri Jan 08 00:45:00 PST 2016,1,1,11
Fri Jan 08 00:45:00 PST 2016,1,2,25
Fri Jan 08 00:45:00 PST 2016,1,3,5
Fri Jan 08 00:45:00 PST 2016,2,1,20
Fri Jan 08 00:45:00 PST 2016,2,2,25
Fri Jan 08 00:45:00 PST 2016,2,3,2
Fri Jan 08 00:45:00 PST 2016,3,1,NA
Fri Jan 08 00:45:00 PST 2016,3,2,25
Fri Jan 08 00:45:00 PST 2016,3,3,1
Fri Jan 08 00:45:00 PST 2016,4,1,43
Fri Jan 08 00:45:00 PST 2016,4,2,25
Fri Jan 08 00:45:00 PST 2016,4,3,185
Fri Jan 08 01:00:00 PST 2016,1,1,57
Fri Jan 08 01:00:00 PST 2016,1,2,25
Fri Jan 08 01:00:00 PST 2016,1,3,67
Fri Jan 08 01:00:00 PST 2016,2,1,61
Fri Jan 08 01:00:00 PST 2016,2,2,-45
Fri Jan 08 01:00:00 PST 2016,2,3,20
Fri Jan 08 01:00:00 PST 2016,3,1,99
Fri Jan 08 01:00:00 PST 2016,3,2,25
Fri Jan 08 01:00:00 PST 2016,3,3,59
Fri Jan 08 01:00:00 PST 2016,4,1,77
Fri Jan 08 01:00:00 PST 2016,4,2,25
Fri Jan 08 01:00:00 PST 2016,4,3,6
Fri Jan 08 01:15:00 PST 2016,1,1,48
Fri Jan 08 01:15:00 PST 2016,1,2,25
Fri Jan 08 01:15:00 PST 2016,1,3,13
Fri Jan 08 01:15:00 PST 2016,2,1,7
Fri Jan 08 01:15:00 PST 2016,2,2,25
Fri Jan 08 01:15:00 PST 2016,2,3,NA
Fri Jan 08 01:15:00 PST 2016,3,1,62
Fri Jan 08 01:15:00 PST 2016,3,2,25
Fri Jan 08 01:15:00 PST 2016,3,3,13
Fri Jan 08 01:15:00 PST 2016,4,1,62
Fri Jan 08 01:15:00 PST 2016,4,2,25
Fri Jan 08 01:15:00 PST 2016,4,3,44
Fri Jan 08 01:30:00 PST 2016,1,1,14
Fri Jan 08 01:30:00 PST 2016,1,2,25
Fri Jan 08 01:30:00 PST 2016,1,3,28
Fri Jan 08 01:30:00 PST 2016,2,1,63
Fri Jan 08 01:30:00 PST 2016,2,2,25
Fri Jan 08 01:30:00 PST 2016,2,3,75
Fri Jan 08 01:30:00 PST 2016,3,1,21
Fri Jan 08 01:30:00 PST 2016,3,2,25
Fri Jan 08 01:30:00 PST 2016,3,3,94
Fri Jan 08 01:30:00 PST 2016,4,1,15
Fri Jan 08 01:30:00 PST 2016,4,2,NA
Fri Jan 08 01:30:00 PST 2016,4,3,56
Fri Jan 08 01:45:00 PST 2016,1,1,62
Fri Jan 08 01:45:00 PST 2016,1,2,25
Fri Jan 08 01:45:00 PST 2016,1,3,94
Fri Jan 08 01:45:00 PST 2016,2,1,54
Fri Jan 08 01:45:00 PST 2016,2,2,25
Fri Jan 08 01:45:00 PST 2016,2,3,87
Fri Jan 08 01:45:00 PST 2016,3,1,37
Fri Jan 08 01:45:00 PST 2016,3,2,25
Fri Jan 08 01:45:00 PST 2016,3,3,28
Fri Jan 08 01:45:00 PST 2016,4,1,72
Fri Jan 08 01:45:00 PST 2016,4,2,25
Fri Jan 08 01:45:00 PST 2016,4,3,28
Fri Jan 08 02:00:00 PST 2016,1,1,40
Fri Jan 08 02:00:00 PST 2016,1,2,26
Fri Jan 08 02:00:00 PST 2016,1,3,78
Fri Jan 08 02:00:00 PST 2016,2,1,95
Fri Jan 08 02:00:00 PST 2016,2,2,26
Fri Jan 08 02:00:00 PST 2016,2,3,9
Fri Jan 08 02:00:00 PST 2016,3,1,58
Fri Jan 08 02:00:00 PST 2016,3,2,26
Fri Jan 08 02:00:00 PST 2016,3,3,-93
Fri Jan 08 02:00:00 PST 2016,4,1,42
Fri Jan 08 02:00:00 PST 2016,4,2,-7
Fri Jan 08 02:00:00 PST 2016,4,3,140
Fri Jan 08 02:15:00 PST 2016,1,1,100
Fri Jan 08 02:15:00 PST 2016,1,2,26
Fri Jan 08 02:15:00 PST 2016,1,3,54
Fri Jan 08 02:15:00 PST 2016,2,1,40
Fri Jan 08 02:15:00 PST 2016,2,2,26
Fri Jan 08 02:15:00 PST 2016,2,3,1
Fri Jan 08 02:15:00 PST 2016,3,1,100
Fri Jan 08 02:15:00 PST 2016,3,2,NA
Fri Jan 08 02:15:00 PST 2016,3,3,1
Fri Jan 08 02:15:00 PST 2016,4,1,79
Fri Jan 08 02:15:00 PST 2016,4,2,26
Fri Jan 08 02:15:00 PST 2016,4,3,84
Fri Jan 08 02:30:00 PST 2016,1,1,73
Fri Jan 08 02:30:00 PST 2016,1,2,26
Fri Jan 08 02:30:00 PST 2016,1,3,34
Fri Jan 08 02:30:00 PST 2016,2,1,68
Fri Jan 08 02:30:00 PST 2016,2,2,26
Fri Jan 08 02:30:00 PST 2016,2,3,94
Fri Jan 08 02:30:00 PST 2016,3,1,13
Fri Jan 08 02:30:00 PST 2016,3,2,26
Fri Jan 08 02:30:00 PST 2016,3,3,23
Fri Jan 08 02:30:00 PST 2016,4,1,46
Fri Jan 08 02:30:00 PST 2016,4,2,26
Fri Jan 08 02:30:00 PST 2016,4,3,29
Fri Jan 08 02:45:00 PST 2016,1,1,10
Fri Jan 08 02:45:00 PST 2016,1,2,-38
Fri Jan 08 02:45:00 PST 2016,1,3,29
Fri Jan 08 02:45:00 PST 2016,2,1,95
Fri Jan 08 02:45:00 PST 2016,2,2,26
Fri Jan 08 02:45:00 PST 2016,2,3,99
Fri Jan 08 02:45:00 PST 2016,3,1,33
Fri Jan 08 02:45:00 PST 2016,3,2,26
Fri Jan 08 02:45:00 PST 2016,3,3,55
Fri Jan 08 02:45:00 PST 2016,4,1,49
Fri Jan 08 02:45:00 PST 2016,4,2,26
Fri Jan 08 02:45:00 PST 2016,4,3,5
Fri Jan 08 03:00:00 PST 2016,1,1,21
Fri Jan 08 03:00:00 PST 2016,1,2,26
Fri Jan 08 03:00:00 PST 2016,1,3,82
Fri Jan 08 03:00:00 PST 2016,2,1,10
Fri Jan 08 03:00:00 PST 2016,2,2,26
Fri Jan 08 03:00:00 PST 2016,2,3,48
Fri Jan 08 03:00:00 PST 2016,3,1,85
Fri Jan 08 03:00:00 PST 2016,3,2,26
Fri Jan 08 03:00:00 PST 2016,3,3,21
Fri Jan 08 03:00:00 PST 2016,4,1,58
Fri Jan 08 03:00:00 PST 2016,4,2,26
Fri Jan 08 03:00:00 PST 2016,4,3,94
Fri Jan 08 03:15:00 PST 2016,1,1,97
Fri Jan 08 03:15:00 PST 2016,1,2,27
Fri Jan 08 03:15:00 PST 2016,1,3,72
Fri Jan 08 03:15:00 PST 2016,2,1,64
Fri Jan 08 03:15:00 PST 2016,2,2,27
Fri Jan 08 03:15:00 PST 2016,2,3,53
Fri Jan 08 03:15:00 PST 2016,3,1,37
Fri Jan 08 03:15:00 PST 2016,3,2,-87
Fri Jan 08 03:15:00 PST 2016,3,3,97
Fri Jan 08 03:15:00 PST 2016,4,1,2
Fri Jan 08 03:15:00 PST 2016,4,2,27
Fri Jan 08 03:15:00 PST 2016,4,3,84
Fri Jan 08 03:30:00 PST 2016,1,1,100
Fri Jan 08 03:30:00 PST 2016,1,2,27
Fri Jan 08 03:30:00 PST 2016,1,3,89
Fri Jan 08 03:30:00 PST 2016,2,1,2
Fri Jan 08 03:30:00 PST 2016,2,2,27
Fri Jan 08 03:30:00 PST 2016,2,3,39
Fri Jan 08 03:30:00 PST 2016,3,1,0
Fri Jan 08 03:30:00 PST 2016,3,2,27
Fri Jan 08 03:30:00 PST 2016,3,3,NA
Fri Jan 08 03:30:00 PST 2016,4,1,83
Fri Jan 08 03:30:00 PST 2016,4,2,27
Fri Jan 08 03:30:00 PST 2016,4,3,NA
Fri Jan 08 03:45:00 PST 2016,1,1,58
Fri Jan 08 03:45:00 PST 2016,1,2,27
Fri Jan 08 03:45:00 PST 2016,1,3,74
Fri Jan 08 03:45:00 PST 2016,2,1,14
Fri Jan 08 03:45:00 PST 2016,2,2,27
Fri Jan 08 03:45:00 PST 2016,2,3,36
Fri Jan 08 03:45:00 PST 2016,3,1,27
Fri Jan 08 03:45:00 PST 2016,3,2,27
Fri Jan 08 03:45:00 PST 2016,3,3,51
Fri Jan 08 03:45:00 PST 2016,4,1,96
Fri Jan 08 03:45:00 PST 2016,4,2,27
Fri Jan 08 03:45:00 PST 2016,4,3,55
Fri Jan 08 04:00:00 PST 2016,1,1,64
Fri Jan 08 04:00:00 PST 2016,1,2,NA
Fri Jan 08 04:00:00 PST 2016,1,3,95
Fri Jan 08 04:00:00 PST 2016,2,1,NA
Fri Jan 08 04:00:00 PST 2016,2,2,27
Fri Jan 08 04:00:00 PST 2016,2,3,78
Fri Jan 08 04:00:00 PST 2016,3,1,68
Fri Jan 08 04:00:00 PST 2016,3,2,27
Fri Jan 08 04:00:00 PST 2016,3,3,61
Fri Jan 08 04:00:00 PST 2016,4,1,60
Fri Jan 08 04:00:00 PST 2016,4,2,27
Fri Jan 08 04:00:00 PST 2016,4,3,89
Fri Jan 08 04:15:00 PST 2016,1,1,55
Fri Jan 08 04:15:00 PST 2016,1,2,27
Fri Jan 08 04:15:00 PST 2016,1,3,46
Fri Jan 08 04:15:00 PST 2016,2,1,79
Fri Jan 08 04:15:00 PST 2016,2,2,27
Fri Jan 08 04:15:00 PST 2016,2,3,75
Fri Jan 08 04:15:00 PST 2016,3,1,22
Fri Jan 08 04:15:00 PST 2016,3,2,27
Fri Jan 08 04:15:00 PST 2016,3,3,29
Fri Jan 08 04:15:00 PST 2016,4,1,188
Fri Jan 08 04:15:00 PST 2016,4,2,27
Fri Jan 08 04:15:00 PST 2016,4,3,28
Fri Jan 08 04:30:00 PST 2016,1,1,84
Fri Jan 08 04:30:00 PST 2016,1,2,NA
Fri Jan 08 04:30:00 PST 2016,1,3,56
Fri Jan 08 04:30:00 PST 2016,2,1,64
Fri Jan 08 04:30:00 PST 2016,2,2,28
Fri Jan 08 04:30:00 PST 2016,2,3,NA
Fri Jan 08 04:30:00 PST 2016,3,1,7
Fri Jan 08 04:30:00 PST 2016,3,2,28
Fri Jan 08 04:30:00 PST 2016,3,3,24
Fri Jan 08 04:30:00 PST 2016,4,1,56
Fri Jan 08 04:30:00 PST 2016,4,2,28
Fri Jan 08 04:30:00 PST 2016,4,3,21
Fri Jan 08 04:45:00 PST 2016,1,1,64
Fri Jan 08 04:45:00 PST 2016,1,2,28
Fri Jan 08 04:45:00 PST 2016,1,3,43
Fri Jan 08 04:45:00 PST 2016,2,1,19
Fri Jan 08 04:45:00 PST 2016,2,2,28
Fri Jan 08 04:45:00 PST 2016,2,3,6
Fri Jan 08 04:45:00 PST 2016,3,1,3
Fri Jan 08 04:45:00 PST 2016,3,2,28
Fri Jan 08 04:45:00 PST 2016,3,3,39
Fri Jan 08 04:45:00 PST 2016,4,1,72
Fri Jan 08 04:45:00 PST 2016,4,2,28
Fri Jan 08 04:45:00 PST 2016,4,3,2
Fri Jan 08 05:00:00 PST 2016,1,1,77
Fri Jan 08 05:00:00 PST 2016,1,2,28
Fri Jan 08 05:00:00 PST 2016,1,3,42
Fri Jan 08 05:00:00 PST 2016,2,1,71
Fri Jan 08 05:00:00 PST 2016,2,2,28
Fri Jan 08 05:00:00 PST 2016,2,3,99
Fri Jan 08 05:00:00 PST 2016,3,1,29
Fri Jan 08 05:00:00 PST 2016,3,2,NA
Fri Jan 08 05:00:00 PST 2016,3,3,13
Fri Jan 08 05:00:00 PST 2016,4,1,83
Fri Jan 08 05:00:00 PST 2016,4,2,28
Fri Jan 08 05:00:00 PST 2016,4,3,90
Fri Jan 08 05:15:00 PST 2016,1,1,2
Fri Jan 08 05:15:00 PST 2016,1,2,28
Fri Jan 08 05:15:00 PST 2016,1,3,74
Fri Jan 08 05:15:00 PST 2016,2,1,90
Fri Jan 08 05:15:00 PST 2016,2,2,28
Fri Jan 08 05:15:00 PST 2016,2,3,84
Fri Jan 08 05:15:00 PST 2016,3,1,85
Fri Jan 08 05:15:00 PST 2016,3,2,28
Fri Jan 08 05:15:00 PST 2016,3,3,83
Fri Jan 08 05:15:00 PST 2016,4,1,43
Fri Jan 08 05:15:00 PST 2016,4,2,28
Fri Jan 08 05:15:00 PST 2016,4,3,94
Fri Jan 08 05:30:00 PST 2016,1,1,78
Fri Jan 08 05:30:00 PST 2016,1,2,28
Fri Jan 08 05:30:00 PST 2016,1,3,92
Fri Jan 08 05:30:00 PST 2016,2,1,53
Fri Jan 08 05:30:00 PST 2016,2,2,28
Fri Jan 08 05:30:00 PST 2016,2,3,4
Fri Jan 08 05:30:00 PST 2016,3,1,12
Fri Jan 08 05:30:00 PST 2016,3,2,28
Fri Jan 08 05:30:00 PST 2016,3,3,84
Fri Jan 08 05:30:00 PST 2016,4,1,72
Fri Jan 08 05:30:00 PST 2016,4,2,28
Fri Jan 08 05:30:00 PST 2016,4,3,29
Fri Jan 08 05:45:00 PST 2016,1,1,13
Fri Jan 08 05:45:00 PST 2016,1,2,29
Fri Jan 08 05:45:00 PST 2016,1,3,80
Fri Jan 08 05:45:00 PST 2016,2,1,81
Fri Jan 08 05:45:00 PST 2016,2,2,29
Fri Jan 08 05:45:00 PST 2016,2,3,65
Fri Jan 08 05:45:00 PST 2016,3,1,34
Fri Jan 08 05:45:00 PST 2016,3,2,29
Fri Jan 08 05:45:00 PST 2016,3,3,-65
Fri Jan 08 05:45:00 PST 2016,4,1,43
Fri Jan 08 05:45:00 PST 2016,4,2,29
Fri Jan 08 05:45:00 PST 2016,4,3,37
Fri Jan 08 06:00:00 PST 2016,1,1,75
Fri Jan 08 06:00:00 PST 2016,1,2,29
Fri Jan 08 06:00:00 PST 2016,1,3,21
Fri Jan 08 06:00:00 PST 2016,2,1,13
Fri Jan 08 06:00:00 PST 2016,2,2,29
Fri Jan 08 06:00:00 PST 2016,2,3,71
Fri Jan 08 06:00:00 PST 2016,3,1,32
Fri Jan 08 06:00:00 PST 2016,3,2,29
Fri Jan 08 06:00:00 PST 2016,3,3,37
Fri Jan 08 06:00:00 PST 2016,4,1,69
Fri Jan 08 06:00:00 PST 2016,4,2,29
Fri Jan 08 06:00:00 PST 2016,4,3,85
Fri Jan 08 06:15:00 PST 2016,1,1,88
Fri Jan 08 06:15:00 PST 2016,1,2,29
Fri Jan 08 06:15:00 PST 2016,1,3,-20
Fri Jan 08 06:15:00 PST 2016,2,1,2
Fri Jan 08 06:15:00 PST 2016,2,2,29
Fri Jan 08 06:15:00 PST 2016,2,3,10
Fri Jan 08 06:15:00 PST 2016,3,1,104
Fri Jan 08 06:15:00 PST 2016,3,2,29
Fri Jan 08 06:15:00 PST 2016,3,3,70
Fri Jan 08 06:15:00 PST 2016,4,1,84
Fri Jan 08 06:15:00 PST 2016,4,2,29
Fri Jan 08 06:15:00 PST 2016,4,3,8
Fri Jan 08 06:30:00 PST 2016,1,1,-75
Fri Jan 08 06:30:00 PST 2016,1,2,NA
Fri Jan 08 06:30:00 PST 2016,1,3,83
Fri Jan 08 06:30:00 PST 2016,2,1,41
Fri Jan 08 06:30:00 PST 2016,2,2,29
Fri Jan 08 06:30:00 PST 2016,2,3,72
Fri Jan 08 06:30:00 PST 2016,3,1,60
Fri Jan 08 06:30:00 PST 2016,3,2,29
Fri Jan 08 06:30:00 PST 2016,3,3,73
Fri Jan 08 06:30:00 PST 2016,4,1,89
Fri Jan 08 06:30:00 PST 2016,4,2,29
Fri Jan 08 06:30:00 PST 2016,4,3,37
Fri Jan 08 06:45:00 PST 2016,1,1,13
Fri Jan 08 06:45:00 PST 2016,1,2,29
Fri Jan 08 06:45:00 PST 2016,1,3,66
Fri Jan 08 06:45:00 PST 2016,2,1,27
Fri Jan 08 06:45:00 PST 2016,2,2,29
Fri Jan 08 06:45:00 PST 2016,2,3,42
Fri Jan 08 06:45:00 PST 2016,3,1,58
Fri Jan 08 06:45:00 PST 2016,3,2,112
Fri Jan 08 06:45:00 PST 2016,3,3,6
Fri Jan 08 06:45:00 PST 2016,4,1,18
Fri Jan 08 06:45:00 PST 2016,4,2,29
Fri Jan 08 06:45:00 PST 2016,4,3,87
Fri Jan 08 07:00:00 PST 2016,1,1,58
Fri Jan 08 07:00:00 PST 2016,1,2,30
Fri Jan 08 07:00:00 PST 2016,1,3,94
Fri Jan 08 07:00:00 PST 2016,2,1,74
Fri Jan 08 07:00:00 PST 2016,2,2,30
Fri Jan 08 07:00:00 PST 2016,2,3,71
Fri Jan 08 07:00:00 PST 2016,3,1,90
Fri Jan 08 07:00:00 PST 2016,3,2,-42
Fri Jan 08 07:00:00 PST 2016,3,3,80
Fri Jan 08 07:00:00 PST 2016,4,1,88
Fri Jan 08 07:00:00 PST 2016,4,2,136
Fri Jan 08 07:00:00 PST 2016,4,3,2
Fri Jan 08 07:15:00 PST 2016,1,1,41
Fri Jan 08 07:15:00 PST 2016,1,2,30
Fri Jan 08 07:15:00 PST 2016,1,3,42
Fri Jan 08 07:15:00 PST 2016,2,1,10
Fri Jan 08 07:15:00 PST 2016,2,2,30
Fri Jan 08 07:15:00 PST 2016,2,3,58
Fri Jan 08 07:15:00 PST 2016,3,1,0
Fri Jan 08 07:15:00 PST 2016,3,2,30
Fri Jan 08 07:15:00 PST 2016,3,3,96
Fri Jan 08 07:15:00 PST 2016,4,1,2
Fri Jan 08 07:15:00 PST 2016,4,2,30
Fri Jan 08 07:15:00 PST 2016,4,3,98
Fri Jan 08 07:30:00 PST 2016,1,1,49
Fri Jan 08 07:30:00 PST 2016,1,2,30
Fri Jan 08 07:30:00 PST 2016,1,3,48
Fri Jan 08 07:30:00 PST 2016,2,1,66
Fri Jan 08 07:30:00 PST 2016,2,2,30
Fri Jan 08 07:30:00 PST 2016,2,3,9
Fri Jan 08 07:30:00 PST 2016,3,1,97
Fri Jan 08 07:30:00 PST 2016,3,2,30
Fri Jan 08 07:30:00 PST 2016,3,3,42
Fri Jan 08 07:30:00 PST 2016,4,1,95
Fri Jan 08 07:30:00 PST 2016,4,2,30
Fri Jan 08 07:30:00 PST 2016,4,3,36
Fri Jan 08 07:45:00 PST 2016,1,1,28
Fri Jan 08 07:45:00 PST 2016,1,2,30
Fri Jan 08 07:45:00 PST 2016,1,3,94
Fri Jan 08 07:45:00 PST 2016,2,1,25
Fri Jan 08 07:45:00 PST 2016,2,2,30
Fri Jan 08 07:45:00 PST 2016,2,3,13
Fri Jan 08 07:45:00 PST 2016,3,1,82
Fri Jan 08 07:45:00 PST 2016,3,2,30
Fri Jan 08 07:45:00 PST 2016,3,3,NA
Fri Jan 08 07:45:00 PST 2016,4,1,3
Fri Jan 08 07:45:00 PST 2016,4,2,30
Fri Jan 08 07:45:00 PST 2016,4,3,22
Fri Jan 08 08:00:00 PST 2016,1,1,70
Fri Jan 08 08:00:00 PST 2016,1,2,30
Fri Jan 08 08:00:00 PST 2016,1,3,21
Fri Jan 08 08:00:00 PST 2016,2,1,49
Fri Jan 08 08:00:00 PST 2016,2,2,30
Fri Jan 08 08:00:00 PST 2016,2,3,75
Fri Jan 08 08:00:00 PST 2016,3,1,NA
Fri Jan 08 08:00:00 PST 2016,3,2,30
Fri Jan 08 08:00:00 PST 2016,3,3,26
Fri Jan 08 08:00:00 PST 2016,4,1,90
Fri Jan 08 08:00:00 PST 2016,4,2,30
Fri Jan 08 08:00:00 PST 2016,4,3,81
Fri Jan 08 08:15:00 PST 2016,1,1,42
Fri Jan 08 08:15:00 PST 2016,1,2,31
Fri Jan 08 08:15:00 PST 2016,1,3,24
Fri Jan 08 08:15:00 PST 2016,2,1,36
Fri Jan 08 08:15:00 PST 2016,2,2,31
Fri Jan 08 08:15:00 PST 2016,2,3,17
Fri Jan 08 08:15:00 PST 2016,3,1,11
Fri Jan 08 08:15:00 PST 2016,3,2,31
Fri Jan 08 08:15:00 PST 2016,3,3,84
Fri Jan 08 08:15:00 PST 2016,4,1,85
Fri Jan 08 08:15:00 PST 2016,4,2,31
Fri Jan 08 08:15:00 PST 2016,4,3,91
Fri Jan 08 08:30:00 PST 2016,1,1,23
Fri Jan 08 08:30:00 PST 2016,1,2,31
Fri Jan 08 08:30:00 PST 2016,1,3,92
Fri Jan 08 08:30:00 PST 2016,2,1,38
Fri Jan 08 08:30:00 PST 2016,2,2,31
Fri Jan 08 08:30:00 PST 2016,2,3,95
Fri Jan 08 08:30:00 PST 2016,3,1,22
Fri Jan 08 08:30:00 PST 2016,3,2,31
Fri Jan 08 08:30:00 PST 2016,3,3,81
Fri Jan 08 08:30:00 PST 2016,4,1,19
Fri Jan 08 08:30:00 PST 2016,4,2,31
Fri Jan 08 08:30:00 PST 2016,4,3,56
Fri Jan 08 08:45:00 PST 2016,1,1,80
Fri Jan 08 08:45:00 PST 2016,1,2,31
Fri Jan 08 08:45:00 PST 2016,1,3,65
Fri Jan 08 08:45:00 PST 2016,2,1,NA
Fri Jan 08 08:45:00 PST 2016,2,2,31
Fri Jan 08 08:45:00 PST 2016,2,3,85
Fri Jan 08 08:45:00 PST 2016,3,1,NA
Fri Jan 08 08:45:00 PST 2016,3,2,31
Fri Jan 08 08:45:00 PST 2016,3,3,64
Fri Jan 08 08:45:00 PST 2016,4,1,52
Fri Jan 08 08:45:00 PST 2016,4,2,153
Fri Jan 08 08:45:00 PST 2016,4,3,46
Fri Jan 08 09:00:00 PST 2016,1,1,9
Fri Jan 08 09:00:00 PST 2016,1,2,31
Fri Jan 08 09:00:00 PST 2016,1,3,74
Fri Jan 08 09:00:00 PST 2016,2,1,60
Fri Jan 08 09:00:00 PST 2016,2,2,NA
Fri Jan 08 09:00:00 PST 2016,2,3,27
Fri Jan 08 09:00:00 PST 2016,3,1,NA
Fri Jan 08 09:00:00 PST 2016,3,2,31
Fri Jan 08 09:00:00 PST 2016,3,3,15
Fri Jan 08 09:00:00 PST 2016,4,1,59
Fri Jan 08 09:00:00 PST 2016,4,2,31
Fri Jan 08 09:00:00 PST 2016,4,3,70
Fri Jan 08 09:15:00 PST 2016,1,1,11
Fri Jan 08 09:15:00 PST 2016,1,2,31
Fri Jan 08 09:15:00 PST 2016,1,3,31
Fri Jan 08 09:15:00 PST 2016,2,1,1
Fri Jan 08 09:15:00 PST 2016,2,2,31
Fri Jan 08 09:15:00 PST 2016,2,3,64
Fri Jan 08 09:15:00 PST 2016,3,1,24
Fri Jan 08 09:15:00 PST 2016,3,2,31
Fri Jan 08 09:15:00 PST 2016,3,3,NA
Fri Jan 08 09:15:00 PST 2016,4,1,26
Fri Jan 08 09:15:00 PST 2016,4,2,31
Fri Jan 08 09:15:00 PST 2016,4,3,91
Fri Jan 08 09:30:00 PST 2016,1,1,40
Fri Jan 08 09:30:00 PST 2016,1,2,32
Fri Jan 08 09:30:00 PST 2016,1,3,91
Fri Jan 08 09:30:00 PST 2016,2,1,-91
Fri Jan 08 09:30:00 PST 2016,2,2,32
Fri Jan 08 09:30:00 PST 2016,2,3,91
Fri Jan 08 09:30:00 PST 2016,3,1,8
Fri Jan 08 09:30:00 PST 2016,3,2,32
Fri Jan 08 09:30:00 PST 2016,3,3,NA
Fri Jan 08 09:30:00 PST 2016,4,1,46
Fri Jan 08 09:30:00 PST 2016,4,2,-99
Fri Jan 08 09:30:00 PST 2016,4,3,65
Fri Jan 08 09:45:00 PST 2016,1,1,80
Fri Jan 08 09:45:00 PST 2016,1,2,32
Fri Jan 08 09:45:00 PST 2016,1,3,95
Fri Jan 08 09:45:00 PST 2016,2,1,-45
Fri Jan 08 09:45:00 PST 2016,2,2,32
Fri Jan 08 09:45:00 PST 2016,2,3,17
Fri Jan 08 09:45:00 PST 2016,3,1,65
Fri Jan 08 09:45:00 PST 2016,3,2,-63
Fri Jan 08 09:45:00 PST 2016,3,3,42
Fri Jan 08 09:45:00 PST 2016,4,1,96
Fri Jan 08 09:45:00 PST 2016,4,2,32
Fri Jan 08 09:45:00 PST 2016,4,3,21
Fri Jan 08 10:00:00 PST 2016,1,1,NA
Fri Jan 08 10:00:00 PST 2016,1,2,32
Fri Jan 08 10:00:00 PST 2016,1,3,43
Fri Jan 08 10:00:00 PST 2016,2,1,57
Fri Jan 08 10:00:00 PST 2016,2,2,32
Fri Jan 08 10:00:00 PST 2016,2,3,87
Fri Jan 08 10:00:00 PST 2016,3,1,58
Fri Jan 08 10:00:00 PST 2016,3,2,32
Fri Jan 08 10:00:00 PST 2016,3,3,17
Fri Jan 08 10:00:00 PST 2016,4,1,-35
Fri Jan 08 10:00:00 PST 2016,4,2,32
Fri Jan 08 10:00:00 PST 2016,4,3,6
Fri Jan 08 10:15:00 PST 2016,1,1,57
Fri Jan 08 10:15:00 PST 2016,1,2,32
Fri Jan 08 10:15:00 PST 2016,1,3,25
Fri Jan 08 10:15:00 PST 2016,2,1,40
Fri Jan 08 10:15:00 PST 2016,2,2,32
Fri Jan 08 10:15:00 PST 2016,2,3,110
Fri Jan 08 10:15:00 PST 2016,3,1,181
Fri Jan 08 10:15:00 PST 2016,3,2,32
Fri Jan 08 10:15:00 PST 2016,3,3,71
Fri Jan 08 10:15:00 PST 2016,4,1,-73
Fri Jan 08 10:15:00 PST 2016,4,2,32
Fri Jan 08 10:15:00 PST 2016,4,3,67
Fri Jan 08 10:30:00 PST 2016,1,1,4
Fri Jan 08 10:30:00 PST 2016,1,2,32
Fri Jan 08 10:30:00 PST 2016,1,3,11
Fri Jan 08 10:30:00 PST 2016,2,1,-38
Fri Jan 08 10:30:00 PST 2016,2,2,32
Fri Jan 08 10:30:00 PST 2016,2,3,45
Fri Jan 08 10:30:00 PST 2016,3,1,74
Fri Jan 08 10:30:00 PST 2016,3,2,32
Fri Jan 08 10:30:00 PST 2016,3,3,15
Fri Jan 08 10:30:00 PST 2016,4,1,85
Fri Jan 08 10:30:00 PST 2016,4,2,32
Fri Jan 08 10:30:00 PST 2016,4,3,28
Fri Jan 08 10:45:00 PST 2016,1,1,63
Fri Jan 08 10:45:00 PST 2016,1,2,33
Fri Jan 08 10:45:00 PST 2016,1,3,158
Fri Jan 08 10:45:00 PST 2016,2,1,16
Fri Jan 08 10:45:00 PST 2016,2,2,33
Fri Jan 08 10:45:00 PST 2016,2,3,13
Fri Jan 08 10:45:00 PST 2016,3,1,63
Fri Jan 08 10:45:00 PST 2016,3,2,33
Fri Jan 08 10:45:00 PST 2016,3,3,0
Fri Jan 08 10:45:00 PST 2016,4,1,115
Fri Jan 08 10:45:00 PST 2016,4,2,33
Fri Jan 08 10:45:00 PST 2016,4,3,NA
Fri Jan 08 11:00:00 PST 2016,1,1,43
Fri Jan 08 11:00:00 PST 2016,1,2,33
Fri Jan 08 11:00:00 PST 2016,1,3,79
Fri Jan 08 11:00:00 PST 2016,2,1,73
Fri Jan 08 11:00:00 PST 2016,2,2,33
Fri Jan 08 11:00:00 PST 2016,2,3,94
Fri Jan 08 11:00:00 PST 2016,3,1,11
Fri Jan 08 11:00:00 PST 2016,3,2,33
Fri Jan 08 11:00:00 PST 2016,3,3,95
Fri Jan 08 11:00:00 PST 2016,4,1,36
Fri Jan 08 11:00:00 PST 2016,4,2,33
Fri Jan 08 11:00:00 PST 2016,4,3,0
Fri Jan 08 11:15:00 PST 2016,1,1,82
Fri Jan 08 11:15:00 PST 2016,1,2,33
Fri Jan 08 11:15:00 PST 2016,1,3,60
Fri Jan 08 11:15:00 PST 2016,2,1,29
Fri Jan 08 11:15:00 PST 2016,2,2,33
Fri Jan 08 11:15:00 PST 2016,2,3,4
Fri Jan 08 11:15:00 PST 2016,3,1,21
Fri Jan 08 11:15:00 PST 2016,3,2,33
Fri Jan 08 11:15:00 PST 2016,3,3,22
Fri Jan 08 11:15:00 PST 2016,4,1,3
Fri Jan 08 11:15:00 PST 2016,4,2,33
Fri Jan 08 11:15:00 PST 2016,4,3,100
Fri Jan 08 11:30:00 PST 2016,1,1,49
Fri Jan 08 11:30:00 PST 2016,1,2,33
Fri Jan 08 11:30:00 PST 2016,1,3,68
Fri Jan 08 11:30:00 PST 2016,2,1,11
Fri Jan 08 11:30:00 PST 2016,2,2,33
Fri Jan 08 11:30:00 PST 2016,2,3,80
Fri Jan 08 11:30:00 PST 2016,3,1,44
Fri Jan 08 11:30:00 PST 2016,3,2,33
Fri Jan 08 11:30:00 PST 2016,3,3,54
Fri Jan 08 11:30:00 PST 2016,4,1,75
Fri Jan 08 11:30:00 PST 2016,4,2,33
Fri Jan 08 11:30:00 PST 2016,4,3,10
Fri Jan 08 11:45:00 PST 2016,1,1,19
Fri Jan 08 11:45:00 PST 2016,1,2,33
Fri Jan 08 11:45:00 PST 2016,1,3,72
Fri Jan 08 11:45:00 PST 2016,2,1,12
Fri Jan 08 11:45:00 PST 2016,2,2,33
Fri Jan 08 11:45:00 PST 2016,2,3,43
Fri Jan 08 11:45:00 PST 2016,3,1,72
Fri Jan 08 11:45:00 PST 2016,3,2,33
Fri Jan 08 11:45:00 PST 2016,3,3,84
Fri Jan 08 11:45:00 PST 2016,4,1,55
Fri Jan 08 11:45:00 PST 2016,4,2,33
Fri Jan 08 11:45:00 PST 2016,4,3,58
Fri Jan 08 12:00:00 PST 2016,1,1,9
Fri Jan 08 12:00:00 PST 2016,1,2,34
Fri Jan 08 12:00:00 PST 2016,1,3,73
Fri Jan 08 12:00:00 PST 2016,2,1,37
Fri Jan 08 12:00:00 PST 2016,2,2,34
Fri Jan 08 12:00:00 PST 2016,2,3,59
Fri Jan 08 12:00:00 PST 2016,3,1,4
Fri Jan 08 12:00:00 PST 2016,3,2,34
Fri Jan 08 12:00:00 PST 2016,3,3,88
Fri Jan 08 12:00:00 PST 2016,4,1,93
Fri Jan 08 12:00:00 PST 2016,4,2,34
Fri Jan 08 12:00:00 PST 2016,4,3,15
Fri Jan 08 12:15:00 PST 2016,1,1,99
Fri Jan 08 12:15:00 PST 2016,1,2,34
Fri Jan 08 12:15:00 PST 2016,1,3,100
Fri Jan 08 12:15:00 PST 2016,2,1,57
Fri Jan 08 12:15:00 PST 2016,2,2,NA
Fri Jan 08 12:15:00 PST 2016,2,3,26
Fri Jan 08 12:15:00 PST 2016,3,1,5
Fri Jan 08 12:15:00 PST 2016,3,2,34
Fri Jan 08 12:15:00 PST 2016,3,3,6
Fri Jan 08 12:15:00 PST 2016,4,1,94
Fri Jan 08 12:15:00 PST 2016,4,2,34
Fri Jan 08 12:15:00 PST 2016,4,3,34
Fri Jan 08 12:30:00 PST 2016,1,1,33
Fri Jan 08 12:30:00 PST 2016,1,2,34
Fri Jan 08 12:30:00 PST 2016,1,3,83
Fri Jan 08 12:30:00 PST 2016,2,1,34
Fri Jan 08 12:30:00 PST 2016,2,2,34
Fri Jan 08 12:30:00 PST 2016,2,3,34
Fri Jan 08 12:30:00 PST 2016,3,1,24
Fri Jan 08 12:30:00 PST 2016,3,2,34
Fri Jan 08 12:30:00 PST 2016,3,3,78
Fri Jan 08 12:30:00 PST 2016,4,1,94
Fri Jan 08 12:30:00 PST 2016,4,2,NA
Fri Jan 08 12:30:00 PST 2016,4,3,93
Fri Jan 08 12:45:00 PST 2016,1,1,51
Fri Jan 08 12:45:00 PST 2016,1,2,34
Fri Jan 08 12:45:00 PST 2016,1,3,NA
Fri Jan 08 12:45:00 PST 2016,2,1,15
Fri Jan 08 12:45:00 PST 2016,2,2,34
Fri Jan 08 12:45:00 PST 2016,2,3,23
Fri Jan 08 12:45:00 PST 2016,3,1,16
Fri Jan 08 12:45:00 PST 2016,3,2,34
Fri Jan 08 12:45:00 PST 2016,3,3,42
Fri Jan 08 12:45:00 PST 2016,4,1,NA
Fri Jan 08 12:45:00 PST 2016,4,2,34
Fri Jan 08 12:45:00 PST 2016,4,3,159
Fri Jan 08 13:00:00 PST 2016,1,1,189
Fri Jan 08 13:00:00 PST 2016,1,2,34
Fri Jan 08 13:00:00 PST 2016,1,3,14
Fri Jan 08 13:00:00 PST 2016,2,1,51
Fri Jan 08 13:00:00 PST 2016,2,2,34
Fri Jan 08 13:00:00 PST 2016,2,3,46
Fri Jan 08 13:00:00 PST 2016,3,1,42
Fri Jan 08 13:00:00 PST 2016,3,2,34
Fri Jan 08 13:00:00 PST 2016,3,3,41
Fri Jan 08 13:00:00 PST 2016,4,1,64
Fri Jan 08 13:00:00 PST 2016,4,2,34
Fri Jan 08 13:00:00 PST 2016,4,3,NA
Fri Jan 08 13:15:00 PST 2016,1,1,13
Fri Jan 08 13:15:00 PST 2016,1,2,35
Fri Jan 08 13:15:00 PST 2016,1,3,54
Fri Jan 08 13:15:00 PST 2016,2,1,97
Fri Jan 08 13:15:00 PST 2016,2,2,35
Fri Jan 08 13:15:00 PST 2016,2,3,57
Fri Jan 08 13:15:00 PST 2016,3,1,5
Fri Jan 08 13:15:00 PST 2016,3,2,35
Fri Jan 08 13:15:00 PST 2016,3,3,97
Fri Jan 08 13:15:00 PST 2016,4,1,13
Fri Jan 08 13:15:00 PST 2016,4,2,35
Fri Jan 08 13:15:00 PST 2016,4,3,31
Fri Jan 08 13:30:00 PST 2016,1,1,10
Fri Jan 08 13:30:00 PST 2016,1,2,35
Fri Jan 08 13:30:00 PST 2016,1,3,20
Fri Jan 08 13:30:00 PST 2016,2,1,74
Fri Jan 08 13:30:00 PST 2016,2,2,35
Fri Jan 08 13:30:00 PST 2016,2,3,17
Fri Jan 08 13:30:00 PST 2016,3,1,26
Fri Jan 08 13:30:00 PST 2016,3,2,35
Fri Jan 08 13:30:00 PST 2016,3,3,16
Fri Jan 08 13:30:00 PST 2016,4,1,7
Fri Jan 08 13:30:00 PST 2016,4,2,35
Fri Jan 08 13:30:00 PST 2016,4,3,87
Fri Jan 08 13:45:00 PST 2016,1,1,100
Fri Jan 08 13:45:00 PST 2016,1,2,35
Fri Jan 08 13:45:00 PST 2016,1,3,99
Fri Jan 08 13:45:00 PST 2016,2,1,9
Fri Jan 08 13:45:00 PST 2016,2,2,35
Fri Jan 08 13:45:00 PST 2016,2,3,68
Fri Jan 08 13:45:00 PST 2016,3,1,103
Fri Jan 08 13:45:00 PST 2016,3,2,35
Fri Jan 08 13:45:00 PST 2016,3,3,58
Fri Jan 08 13:45:00 PST 2016,4,1,69
Fri Jan 08 13:45:00 PST 2016,4,2,35
Fri Jan 08 13:45:00 PST 2016,4,3,21
Fri Jan 08 14:00:00 PST 2016,1,1,60
Fri Jan 08 14:00:00 PST 2016,1,2,35
Fri Jan 08 14:00:00 PST 2016,1,3,41
Fri Jan 08 14:00:00 PST 2016,2,1,94
Fri Jan 08 14:00:00 PST 2016,2,2,35
Fri Jan 08 14:00:00 PST 2016,2,3,55
Fri Jan 08 14:00:00 PST 2016,3,1,NA
Fri Jan 08 14:00:00 PST 2016,3,2,35
Fri Jan 08 14:00:00 PST 2016,3,3,38
Fri Jan 08 14:00:00 PST 2016,4,1,81
Fri Jan 08 14:00:00 PST 2016,4,2,35
Fri Jan 08 14:00:00 PST 2016,4,3,71
Fri Jan 08 14:15:00 PST 2016,1,1,43
Fri Jan 08 14:15:00 PST 2016,1,2,35
Fri Jan 08 14:15:00 PST 2016,1,3,-91
Fri Jan 08 14:15:00 PST 2016,2,1,77
Fri Jan 08 14:15:00 PST 2016,2,2,35
Fri Jan 08 14:15:00 PST 2016,2,3,96
Fri Jan 08 14:15:00 PST 2016,3,1,177
Fri Jan 08 14:15:00 PST 2016,3,2,35
Fri Jan 08 14:15:00 PST 2016,3,3,47
Fri Jan 08 14:15:00 PST 2016,4,1,40
Fri Jan 08 14:15:00 PST 2016,4,2,35
Fri Jan 08 14:15:00 PST 2016,4,3,86
Fri Jan 08 14:30:00 PST 2016,1,1,90
Fri Jan 08 14:30:00 PST 2016,1,2,36
Fri Jan 08 14:30:00 PST 2016,1,3,82
Fri Jan 08 14:30:00 PST 2016,2,1,54
Fri Jan 08 14:30:00 PST 2016,2,2,36
Fri Jan 08 14:30:00 PST 2016,2,3,13
Fri Jan 08 14:30:00 PST 2016,3,1,60
Fri Jan 08 14:30:00 PST 2016,3,2,36
Fri Jan 08 14:30:00 PST 2016,3,3,86
Fri Jan 08 14:30:00 PST 2016,4,1,11
Fri Jan 08 14:30:00 PST 2016,4,2,36
Fri Jan 08 14:30:00 PST 2016,4,3,75
Fri Jan 08 14:45:00 PST 2016,1,1,NA
Fri Jan 08 14:45:00 PST 2016,1,2,36
Fri Jan 08 14:45:00 PST 2016,1,3,78
Fri Jan 08 14:45:00 PST 2016,2,1,51
Fri Jan 08 14:45:00 PST 2016,2,2,139
Fri Jan 08 14:45:00 PST 2016,2,3,97
Fri Jan 08 14:45:00 PST 2016,3,1,59
Fri Jan 08 14:45:00 PST 2016,3,2,36
Fri Jan 08 14:45:00 PST 2016,3,3,68
Fri Jan 08 14:45:00 PST 2016,4,1,33
Fri Jan 08 14:45:00 PST 2016,4,2,36
Fri Jan 08 14:45:00 PST 2016,4,3,61
Fri Jan 08 15:00:00 PST 2016,1,1,31
Fri Jan 08 15:00:00 PST 2016,1,2,36
Fri Jan 08 15:00:00 PST 2016,1,3,75
Fri Jan 08 15:00:00 PST 2016,2,1,99
Fri Jan 08 15:00:00 PST 2016,2,2,36
Fri Jan 08 15:00:00 PST 2016,2,3,34
Fri Jan 08 15:00:00 PST 2016,3,1,44
Fri Jan 08 15:00:00 PST 2016,3,2,36
Fri Jan 08 15:00:00 PST 2016,3,3,5
Fri Jan 08 15:00:00 PST 2016,4,1,64
Fri Jan 08 15:00:00 PST 2016,4,2,36
Fri Jan 08 15:00:00 PST 2016,4,3,88
Fri Jan 08 15:15:00 PST 2016,1,1,30
Fri Jan 08 15:15:00 PST 2016,1,2,NA
Fri Jan 08 15:15:00 PST 2016,1,3,43
Fri Jan 08 15:15:00 PST 2016,2,1,81
Fri Jan 08 15:15:00 PST 2016,2,2,36
Fri Jan 08 15:15:00 PST 2016,2,3,NA
Fri Jan 08 15:15:00 PST 2016,3,1,12
Fri Jan 08 15:15:00 PST 2016,3,2,36
Fri Jan 08 15:15:00 PST 2016,3,3,6
Fri Jan 08 15:15:00 PST 2016,4,1,32
Fri Jan 08 15:15:00 PST 2016,4,2,36
Fri Jan 08 15:15:00 PST 2016,4,3,64
Fri Jan 08 15:30:00 PST 2016,1,1,66
Fri Jan 08 15:30:00 PST 2016,1,2,36
Fri Jan 08 15:30:00 PST 2016,1,3,15
Fri Jan 08 15:30:00 PST 2016,2,1,76
Fri Jan 08 15:30:00 PST 2016,2,2,36
Fri Jan 08 15:30:00 PST 2016,2,3,89
Fri Jan 08 15:30:00 PST 2016,3,1,63
Fri Jan 08 15:30:00 PST 2016,3,2,36
Fri Jan 08 15:30:00 PST 2016,3,3,52
Fri Jan 08 15:30:00 PST 2016,4,1,NA
Fri Jan 08 15:30:00 PST 2016,4,2,NA
Fri Jan 08 15:30:00 PST 2016,4,3,27
Fri Jan 08 15:45:00 PST 2016,1,1,43
Fri Jan 08 15:45:00 PST 2016,1,2,37
Fri Jan 08 15:45:00 PST 2016,1,3,61
Fri Jan 08 15:45:00 PST 2016,2,1,78
Fri Jan 08 15:45:00 PST 2016,2,2,37
Fri Jan 08 15:45:00 PST 2016,2,3,82
Fri Jan 08 15:45:00 PST 2016,3,1,89
Fri Jan 08 15:45:00 PST 2016,3,2,37
Fri Jan 08 15:45:00 PST 2016,3,3,NA
Fri Jan 08 15:45:00 PST 2016,4,1,91
Fri Jan 08 15:45:00 PST 2016,4,2,37
Fri Jan 08 15:45:00 PST 2016,4,3,69
Fri Jan 08 16:00:00 PST 2016,1,1,108
Fri Jan 08 16:00:00 PST 2016,1,2,37
Fri Jan 08 16:00:00 PST 2016,1,3,93
Fri Jan 08 16:00:00 PST 2016,2,1,-89
Fri Jan 08 16:00:00 PST 2016,2,2,37
Fri Jan 08 16:00:00 PST 2016,2,3,18
Fri Jan 08 16:00:00 PST 2016,3,1,34
Fri Jan 08 16:00:00 PST 2016,3,2,37
Fri Jan 08 16:00:00 PST 2016,3,3,42
Fri Jan 08 16:00:00 PST 2016,4,1,57
Fri Jan 08 16:00:00 PST 2016,4,2,37
Fri Jan 08 16:00:00 PST 2016,4,3,89
Fri Jan 08 16:15:00 PST 2016,1,1,39
Fri Jan 08 16:15:00 PST 2016,1,2,37
Fri Jan 08 16:15:00 PST 2016,1,3,NA
Fri Jan 08 16:15:00 PST 2016,2,1,9
Fri Jan 08 16:15:00 PST 2016,2,2,37
Fri Jan 08 16:15:00 PST 2016,2,3,14
Fri Jan 08 16:15:00 PST 2016,3,1,39
Fri Jan 08 16:15:00 PST 2016,3,2,37
Fri Jan 08 16:15:00 PST 2016,3,3,12
Fri Jan 08 16:15:00 PST 2016,4,1,92
Fri Jan 08 16:15:00 PST 2016,4,2,-17
Fri Jan 08 16:15:00 PST 2016,4,3,100
Fri Jan 08 16:30:00 PST 2016,1,1,67
Fri Jan 08 16:30:00 PST 2016,1,2,138
Fri Jan 08 16:30:00 PST 2016,1,3,56
Fri Jan 08 16:30:00 PST 2016,2,1,0
Fri Jan 08 16:30:00 PST 2016,2,2,37
Fri Jan 08 16:30:00 PST 2016,2,3,70
Fri Jan 08 16:30:00 PST 2016,3,1,90
Fri Jan 08 16:30:00 PST 2016,3,2,37
Fri Jan 08 16:30:00 PST 2016,3,3,35
Fri Jan 08 16:30:00 PST 2016,4,1,19
Fri Jan 08 16:30:00 PST 2016,4,2,37
Fri Jan 08 16:30:00 PST 2016,4,3,86
Fri Jan 08 16:45:00 PST 2016,1,1,29
Fri Jan 08 16:45:00 PST 2016,1,2,37
Fri Jan 08 16:45:00 PST 2016,1,3,20
Fri Jan 08 16:45:00 PST 2016,2,1,53
Fri Jan 08 16:45:00 PST 2016,2,2,189
Fri Jan 08 16:45:00 PST 2016,2,3,37
Fri Jan 08 16:45:00 PST 2016,3,1,11
Fri Jan 08 16:45:00 PST 2016,3,2,37
Fri Jan 08 16:45:00 PST 2016,3,3,48
Fri Jan 08 16:45:00 PST 2016,4,1,3
Fri Jan 08 16:45:00 PST 2016,4,2,37
Fri Jan 08 16:45:00 PST 2016,4,3,45
Fri Jan 08 17:00:00 PST 2016,1,1,45
Fri Jan 08 17:00:00 PST 2016,1,2,38
Fri Jan 08 17:00:00 PST 2016,1,3,69
Fri Jan 08 17:00:00 PST 2016,2,1,33
Fri Jan 08 17:00:00 PST 2016,2,2,38
Fri Jan 08 17:00:00 PST 2016,2,3,77
Fri Jan 08 17:00:00 PST 2016,3,1,90
Fri Jan 08 17:00:00 PST 2016,3,2,38
Fri Jan 08 17:00:00 PST 2016,3,3,NA
Fri Jan 08 17:00:00 PST 2016,4,1,95
Fri Jan 08 17:00:00 PST 2016,4,2,38
Fri Jan 08 17:00:00 PST 2016,4,3,45
Fri Jan 08 17:15:00 PST 2016,1,1,93
Fri Jan 08 17:15:00 PST 2016,1,2,38
Fri Jan 08 17:15:00 PST 2016,1,3,25
Fri Jan 08 17:15:00 PST 2016,2,1,52
Fri Jan 08 17:15:00 PST 2016,2,2,38
Fri Jan 08 17:15:00 PST 2016,2,3,38
Fri Jan 08 17:15:00 PST 2016,3,1,NA
Fri Jan 08 17:15:00 PST 2016,3,2,38
Fri Jan 08 17:15:00 PST 2016,3,3,84
Fri Jan 08 17:15:00 PST 2016,4,1,37
Fri Jan 08 17:15:00 PST 2016,4,2,38
Fri Jan 08 17:15:00 PST 2016,4,3,43
Fri Jan 08 17:30:00 PST 2016,1,1,26
Fri Jan 08 17:30:00 PST 2016,1,2,38
Fri Jan 08 17:30:00 PST 2016,1,3,28
Fri Jan 08 17:30:00 PST 2016,2,1,70
Fri Jan 08 17:30:00 PST 2016,2,2,38
Fri Jan 08 17:30:00 PST 2016,2,3,32
Fri Jan 08 17:30:00 PST 2016,3,1,66
Fri Jan 08 17:30:00 PST 2016,3,2,38
Fri Jan 08 17:30:00 PST 2016,3,3,99
Fri Jan 08 17:30:00 PST 2016,4,1,75
Fri Jan 08 17:30:00 PST 2016,4,2,38
Fri Jan 08 17:30:00 PST 2016,4,3,50
Fri Jan 08 17:45:00 PST 2016,1,1,76
Fri Jan 08 17:45:00 PST 2016,1,2,38
Fri Jan 08 17:45:00 PST 2016,1,3,170
Fri Jan 08 17:45:00 PST 2016,2,1,7
Fri Jan 08 17:45:00 PST 2016,2,2,38
Fri Jan 08 17:45:00 PST 2016,2,3,61
Fri Jan 08 17:45:00 PST 2016,3,1,2
Fri Jan 08 17:45:00 PST 2016,3,2,187
Fri Jan 08 17:45:00 PST 2016,3,3,76
Fri Jan 08 17:45:00 PST 2016,4,1,37
Fri Jan 08 17:45:00 PST 2016,4,2,38
Fri Jan 08 17:45:00 PST 2016,4,3,68
Fri Jan 08 18:00:00 PST 2016,1,1,87
Fri Jan 08 18:00:00 PST 2016,1,2,38
Fri Jan 08 18:00:00 PST 2016,1,3,13
Fri Jan 08 18:00:00 PST 2016,2,1,NA
Fri Jan 08 18:00:00 PST 2016,2,2,38
Fri Jan 08 18:00:00 PST 2016,2,3,30
Fri Jan 08 18:00:00 PST 2016,3,1,33
Fri Jan 08 18:00:00 PST 2016,3,2,38
Fri Jan 08 18:00:00 PST 2016,3,3,70
Fri Jan 08 18:00:00 PST 2016,4,1,95
Fri Jan 08 18:00:00 PST 2016,4,2,38
Fri Jan 08 18:00:00 PST 2016,4,3,18
Fri Jan 08 18:15:00 PST 2016,1,1,48
Fri Jan 08 18:15:00 PST 2016,1,2,39
Fri Jan 08 18:15:00 PST 2016,1,3,19
Fri Jan 08 18:15:00 PST 2016,2,1,8
Fri Jan 08 18:15:00 PST 2016,2,2,39
Fri Jan 08 18:15:00 PST 2016,2,3,44
Fri Jan 08 18:15:00 PST 2016,3,1,25
Fri Jan 08 18:15:00 PST 2016,3,2,39
Fri Jan 08 18:15:00 PST 2016,3,3,98
Fri Jan 08 18:15:00 PST 2016,4,1,40
Fri Jan 08 18:15:00 PST 2016,4,2,-9
Fri Jan 08 18:15:00 PST 2016,4,3,90
Fri Jan 08 18:30:00 PST 2016,1,1,67
Fri Jan 08 18:30:00 PST 2016,1,2,39
Fri Jan 08 18:30:00 PST 2016,1,3,46
Fri Jan 08 18:30:00 PST 2016,2,1,99
Fri Jan 08 18:30:00 PST 2016,2,2,39
Fri Jan 08 18:30:00 PST 2016,2,3,34
Fri Jan 08 18:30:00 PST 2016,3,1,7
Fri Jan 08 18:30:00 PST 2016,3,2,39
Fri Jan 08 18:30:00 PST 2016,3,3,55
Fri Jan 08 18:30:00 PST 2016,4,1,NA
Fri Jan 08 18:30:00 PST 2016,4,2,39
Fri Jan 08 18:30:00 PST 2016,4,3,32
Fri Jan 08 18:45:00 PST 2016,1,1,93
Fri Jan 08 18:45:00 PST 2016,1,2,39
Fri Jan 08 18:45:00 PST 2016,1,3,62
Fri Jan 08 18:45:00 PST 2016,2,1,-51
Fri Jan 08 18:45:00 PST 2016,2,2,39
Fri Jan 08 18:45:00 PST 2016,2,3,79
Fri Jan 08 18:45:00 PST 2016,3,1,67
Fri Jan 08 18:45:00 PST 2016,3,2,39
Fri Jan 08 18:45:00 PST 2016,3,3,71
Fri Jan 08 18:45:00 PST 2016,4,1,56
Fri Jan 08 18:45:00 PST 2016,4,2,39
Fri Jan 08 18:45:00 PST 2016,4,3,48
Fri Jan 08 19:00:00 PST 2016,1,1,12
Fri Jan 08 19:00:00 PST 2016,1,2,39
Fri Jan 08 19:00:00 PST 2016,1,3,3
Fri Jan 08 19:00:00 PST 2016,2,1,-74
Fri Jan 08 19:00:00 PST 2016,2,2,39
Fri Jan 08 19:00:00 PST 2016,2,3,49
Fri Jan 08 19:00:00 PST 2016,3,1,NA
Fri Jan 08 19:00:00 PST 2016,3,2,39
Fri Jan 08 19:00:00 PST 2016,3,3,59
Fri Jan 08 19:00:00 PST 2016,4,1,39
Fri Jan 08 19:00:00 PST 2016,4,2,39
Fri Jan 08 19:00:00 PST 2016,4,3,93
Fri Jan 08 19:15:00 PST 2016,1,1,6
Fri Jan 08 19:15:00 PST 2016,1,2,39
Fri Jan 08 19:15:00 PST 2016,1,3,62
Fri Jan 08 19:15:00 PST 2016,2,1,94
Fri Jan 08 19:15:00 PST 2016,2,2,39
Fri Jan 08 19:15:00 PST 2016,2,3,76
Fri Jan 08 19:15:00 PST 2016,3,1,1
Fri Jan 08 19:15:00 PST 2016,3,2,39
Fri Jan 08 19:15:00 PST 2016,3,3,35
Fri Jan 08 19:15:00 PST 2016,4,1,1
Fri Jan 08 19:15:00 PST 2016,4,2,39
Fri Jan 08 19:15:00 PST 2016,4,3,65
Fri Jan 08 19:30:00 PST 2016,1,1,57
Fri Jan 08 19:30:00 PST 2016,1,2,40
Fri Jan 08 19:30:00 PST 2016,1,3,63
Fri Jan 08 19:30:00 PST 2016,2,1,35
Fri Jan 08 19:30:00 PST 2016,2,2,NA
Fri Jan 08 19:30:00 PST 2016,2,3,8
Fri Jan 08 19:30:00 PST 2016,3,1,73
Fri Jan 08 19:30:00 PST 2016,3,2,40
Fri Jan 08 19:30:00 PST 2016,3,3,98
Fri Jan 08 19:30:00 PST 2016,4,1,39
Fri Jan 08 19:30:00 PST 2016,4,2,40
Fri Jan 08 19:30:00 PST 2016,4,3,86
Fri Jan 08 19:45:00 PST 2016,1,1,43
Fri Jan 08 19:45:00 PST 2016,1,2,40
Fri Jan 08 19:45:00 PST 2016,1,3,74
Fri Jan 08 19:45:00 PST 2016,2,1,0
Fri Jan 08 19:45:00 PST 2016,2,2,40
Fri Jan 08 19:45:00 PST 2016,2,3,28
Fri Jan 08 19:45:00 PST 2016,3,1,0
Fri Jan 08 19:45:00 PST 2016,3,2,40
Fri Jan 08 19:45:00 PST 2016,3,3,-82
Fri Jan 08 19:45:00 PST 2016,4,1,96
Fri Jan 08 19:45:00 PST 2016,4,2,40
Fri Jan 08 19:45:00 PST 2016,4,3,62
Fri Jan 08 20:00:00 PST 2016,1,1,97
Fri Jan 08 20:00:00 PST 2016,1,2,40
Fri Jan 08 20:00:00 PST 2016,1,3,82
Fri Jan 08 20:00:00 PST 2016,2,1,87
Fri Jan 08 20:00:00 PST 2016,2,2,40
Fri Jan 08 20:00:00 PST 2016,2,3,91
Fri Jan 08 20:00:00 PST 2016,3,1,78
Fri Jan 08 20:00:00 PST 2016,3,2,40
Fri Jan 08 20:00:00 PST 2016,3,3,73
Fri Jan 08 20:00:00 PST 2016,4,1,40
Fri Jan 08 20:00:00 PST 2016,4,2,40
Fri Jan 08 20:00:00 PST 2016,4,3,93
Fri Jan 08 20:15:00 PST 2016,1,1,57
Fri Jan 08 20:15:00 PST 2016,1,2,40
Fri Jan 08 20:15:00 PST 2016,1,3,37
Fri Jan 08 20:15:00 PST 2016,2,1,91
Fri Jan 08 20:15:00 PST 2016,2,2,40
Fri Jan 08 20:15:00 PST 2016,2,3,14
Fri Jan 08 20:15:00 PST 2016,3,1,96
Fri Jan 08 20:15:00 PST 2016,3,2,40
Fri Jan 08 20:15:00 PST 2016,3,3,25
Fri Jan 08 20:15:00 PST 2016,4,1,12
Fri Jan 08 20:15:00 PST 2016,4,2,40
Fri Jan 08 20:15:00 PST 2016,4,3,11
Fri Jan 08 20:30:00 PST 2016,1,1,43
Fri Jan 08 20:30:00 PST 2016,1,2,40
Fri Jan 08 20:30:00 PST 2016,1,3,48
Fri Jan 08 20:30:00 PST 2016,2,1,0
Fri Jan 08 20:30:00 PST 2016,2,2,40
Fri Jan 08 20:30:00 PST 2016,2,3,2
Fri Jan 08 20:30:00 PST 2016,3,1,87
Fri Jan 08 20:30:00 PST 2016,3,2,40
Fri Jan 08 20:30:00 PST 2016,3,3,23
Fri Jan 08 20:30:00 PST 2016,4,1,NA
Fri Jan 08 20:30:00 PST 2016,4,2,40
Fri Jan 08 20:30:00 PST 2016,4,3,21
Fri Jan 08 20:45:00 PST 2016,1,1,86
Fri Jan 08 20:45:00 PST 2016,1,2,-12
Fri Jan 08 20:45:00 PST 2016,1,3,48
Fri Jan 08 20:45:00 PST 2016,2,1,97
Fri Jan 08 20:45:00 PST 2016,2,2,41
Fri Jan 08 20:45:00 PST 2016,2,3,78
Fri Jan 08 20:45:00 PST 2016,3,1,74
Fri Jan 08 20:45:00 PST 2016,3,2,41
Fri Jan 08 20:45:00 PST 2016,3,3,13
Fri Jan 08 20:45:00 PST 2016,4,1,21
Fri Jan 08 20:45:00 PST 2016,4,2,41
Fri Jan 08 20:45:00 PST 2016,4,3,99
Fri Jan 08 21:00:00 PST 2016,1,1,45
Fri Jan 08 21:00:00 PST 2016,1,2,41
Fri Jan 08 21:00:00 PST 2016,1,3,NA
Fri Jan 08 21:00:00 PST 2016,2,1,40
Fri Jan 08 21:00:00 PST 2016,2,2,41
Fri Jan 08 21:00:00 PST 2016,2,3,19
Fri Jan 08 21:00:00 PST 2016,3,1,3
Fri Jan 08 21:00:00 PST 2016,3,2,41
Fri Jan 08 21:00:00 PST 2016,3,3,97
Fri Jan 08 21:00:00 PST 2016,4,1,NA
Fri Jan 08 21:00:00 PST 2016,4,2,41
Fri Jan 08 21:00:00 PST 2016,4,3,100
Fri Jan 08 21:15:00 PST 2016,1,1,65
Fri Jan 08 21:15:00 PST 2016,1,2,41
Fri Jan 08 21:15:00 PST 2016,1,3,1
Fri Jan 08 21:15:00 PST 2016,2,1,41
Fri Jan 08 21:15:00 PST 2016,2,2,41
Fri Jan 08 21:15:00 PST 2016,2,3,7
Fri Jan 08 21:15:00 PST 2016,3,1,25
Fri Jan 08 21:15:00 PST 2016,3,2,41
Fri Jan 08 21:15:00 PST 2016,3,3,34
Fri Jan 08 21:15:00 PST 2016,4,1,27
Fri Jan 08 21:15:00 PST 2016,4,2,41
Fri Jan 08 21:15:00 PST 2016,4,3,47
Fri Jan 08 21:30:00 PST 2016,1,1,84
Fri Jan 08 21:30:00 PST 2016,1,2,41
Fri Jan 08 21:30:00 PST 2016,1,3,23
Fri Jan 08 21:30:00 PST 2016,2,1,93
Fri Jan 08 21:30:00 PST 2016,2,2,-36
Fri Jan 08 21:30:00 PST 2016,2,3,32
Fri Jan 08 21:30:00 PST 2016,3,1,2
Fri Jan 08 21:30:00 PST 2016,3,2,-41
Fri Jan 08 21:30:00 PST 2016,3,3,75
Fri Jan 08 21:30:00 PST 2016,4,1,58
Fri Jan 08 21:30:00 PST 2016,4,2,41
Fri Jan 08 21:30:00 PST 2016,4,3,60
Fri Jan 08 21:45:00 PST 2016,1,1,71
Fri Jan 08 21:45:00 PST 2016,1,2,41
Fri Jan 08 21:45:00 PST 2016,1,3,189
Fri Jan 08 21:45:00 PST 2016,2,1,82
Fri Jan 08 21:45:00 PST 2016,2,2,41
Fri Jan 08 21:45:00 PST 2016,2,3,55
Fri Jan 08 21:45:00 PST 2016,3,1,2
Fri Jan 08 21:45:00 PST 2016,3,2,41
Fri Jan 08 21:45:00 PST 2016,3,3,98
Fri Jan 08 21:45:00 PST 2016,4,1,74
Fri Jan 08 21:45:00 PST 2016,4,2,41
Fri Jan 08 21:45:00 PST 2016,4,3,47
Fri Jan 08 22:00:00 PST 2016,1,1,56
Fri Jan 08 22:00:00 PST 2016,1,2,42
Fri Jan 08 22:00:00 PST 2016,1,3,80
Fri Jan 08 22:00:00 PST 2016,2,1,10
Fri Jan 08 22:00:00 PST 2016,2,2,42
Fri Jan 08 22:00:00 PST 2016,2,3,45
Fri Jan 08 22:00:00 PST 2016,3,1,63
Fri Jan 08 22:00:00 PST 2016,3,2,42
Fri Jan 08 22:00:00 PST 2016,3,3,83
Fri Jan 08 22:00:00 PST 2016,4,1,15
Fri Jan 08 22:00:00 PST 2016,4,2,42
Fri Jan 08 22:00:00 PST 2016,4,3,28
Fri Jan 08 22:15:00 PST 2016,1,1,65
Fri Jan 08 22:15:00 PST 2016,1,2,42
Fri Jan 08 22:15:00 PST 2016,1,3,83
Fri Jan 08 22:15:00 PST 2016,2,1,52
Fri Jan 08 22:15:00 PST 2016,2,2,42
Fri Jan 08 22:15:00 PST 2016,2,3,28
Fri Jan 08 22:15:00 PST 2016,3,1,26
Fri Jan 08 22:15:00 PST 2016,3,2,42
Fri Jan 08 22:15:00 PST 2016,3,3,68
Fri Jan 08 22:15:00 PST 2016,4,1,NA
Fri Jan 08 22:15:00 PST 2016,4,2,42
Fri Jan 08 22:15:00 PST 2016,4,3,53
Fri Jan 08 22:30:00 PST 2016,1,1,100
Fri Jan 08 22:30:00 PST 2016,1,2,42
Fri Jan 08 22:30:00 PST 2016,1,3,55
Fri Jan 08 22:30:00 PST 2016,2,1,4
Fri Jan 08 22:30:00 PST 2016,2,2,42
Fri Jan 08 22:30:00 PST 2016,2,3,74
Fri Jan 08 22:30:00 PST 2016,3,1,73
Fri Jan 08 22:30:00 PST 2016,3,2,42
Fri Jan 08 22:30:00 PST 2016,3,3,21
Fri Jan 08 22:30:00 PST 2016,4,1,91
Fri Jan 08 22:30:00 PST 2016,4,2,42
Fri Jan 08 22:30:00 PST 2016,4,3,56
Fri Jan 08 22:45:00 PST 2016,1,1,38
Fri Jan 08 22:45:00 PST 2016,1,2,NA
Fri Jan 08 22:45:00 PST 2016,1,3,63
Fri Jan 08 22:45:00 PST 2016,2,1,75
Fri Jan 08 22:45:00 PST 2016,2,2,42
Fri Jan 08 22:45:00 PST 2016,2,3,46
Fri Jan 08 22:45:00 PST 2016,3,1,52
Fri Jan 08 22:45:00 PST 2016,3,2,42
Fri Jan 08 22:45:00 PST 2016,3,3,68
Fri Jan 08 22:45:00 PST 2016,4,1,13
Fri Jan 08 22:45:00 PST 2016,4,2,42
Fri Jan 08 22:45:00 PST 2016,4,3,84
Fri Jan 08 23:00:00 PST 2016,1,1,32
Fri Jan 08 23:00:00 PST 2016,1,2,42
Fri Jan 08 23:00:00 PST 2016,1,3,50
Fri Jan 08 23:00:00 PST 2016,2,1,81
Fri Jan 08 23:00:00 PST 2016,2,2,42
Fri Jan 08 23:00:00 PST 2016,2,3,26
Fri Jan 08 23:00:00 PST 2016,3,1,53
Fri Jan 08 23:00:00 PST 2016,3,2,42
Fri Jan 08 23:00:00 PST 2016,3,3,71
Fri Jan 08 23:00:00 PST 2016,4,1,26
Fri Jan 08 23:00:00 PST 2016,4,2,42
Fri Jan 08 23:00:00 PST 2016,4,3,83
Fri Jan 08 23:15:00 PST 2016,1,1,56
Fri Jan 08 23:15:00 PST 2016,1,2,NA
Fri Jan 08 23:15:00 PST 2016,1,3,87
Fri Jan 08 23:15:00 PST 2016,2,1,42
Fri Jan 08 23:15:00 PST 2016,2,2,43
Fri Jan 08 23:15:00 PST 2016,2,3,18
Fri Jan 08 23:15:00 PST 2016,3,1,36
Fri Jan 08 23:15:00 PST 2016,3,2,43
Fri Jan 08 23:15:00 PST 2016,3,3,NA
Fri Jan 08 23:15:00 PST 2016,4,1,94
Fri Jan 08 23:15:00 PST 2016,4,2,43
Fri Jan 08 23:15:00 PST 2016,4,3,88
Fri Jan 08 23:30:00 PST 2016,1,1,30
Fri Jan 08 23:30:00 PST 2016,1,2,43
Fri Jan 08 23:30:00 PST 2016,1,3,7
Fri Jan 08 23:30:00 PST 2016,2,1,62
Fri Jan 08 23:30:00 PST 2016,2,2,43
Fri Jan 08 23:30:00 PST 2016,2,3,63
Fri Jan 08 23:30:00 PST 2016,3,1,30
Fri Jan 08 23:30:00 PST 2016,3,2,43
Fri Jan 08 23:30:00 PST 2016,3,3,29
Fri Jan 08 23:30:00 PST 2016,4,1,14
Fri Jan 08 23:30:00 PST 2016,4,2,NA
Fri Jan 08 23:30:00 PST 2016,4,3,88
Fri Jan 08 23:45:00 PST 2016,1,1,82
Fri Jan 08 23:45:00 PST 2016,1,2,43
Fri Jan 08 23:45:00 PST 2016,1,3,106
Fri Jan 08 23:45:00 PST 2016,2,1,97
Fri Jan 08 23:45:00 PST 2016,2,2,43
Fri Jan 08 23:45:00 PST 2016,2,3,49
Fri Jan 08 23:45:00 PST 2016,3,1,26
Fri Jan 08 23:45:00 PST 2016,3,2,43
Fri Jan 08 23:45:00 PST 2016,3,3,21
Fri Jan 08 23:45:00 PST 2016,4,1,24
Fri Jan 08 23:45:00 PST 2016,4,2,43
Fri Jan 08 23:45:00 PST 2016,4,3,35
